platform_id,pipeline_id,snapshot_ts,pipeline_end_ts,pipeline_expected_end_ts,pipeline_delay_time_qty,pipeline_original_status,pipeline_transformed_status
EDLAP,COPY-DB-ORION-PRD-DIM-BALANCE-499,2026-01-07T12:01:41.000Z,2026-01-07T01:08:25.016Z,2026-01-07T01:05:00.000Z,3.0,Succeeded,Within Expected
EDLAP,COPY-DB-TITAN-PRD-TR-BALANCE-199-DAILY,2026-01-07T12:01:41.000Z,2026-01-07T03:06:02.539Z,2026-01-07T03:07:00.000Z,0.0,Succeeded,Within Expected
EDLAP,COPY-DB-ORION-PRD-RAW-REGION-099,2026-01-07T12:01:41.000Z,2026-01-07T10:40:57.020Z,2026-01-07T10:35:00.000Z,6.0,Succeeded,Within Expected
EDLAP,COPY-DB-TITAN-PRD-REF-CHANNEL-999,2026-01-07T12:01:41.000Z,2026-01-07T10:40:09.598Z,2026-01-07T10:35:00.000Z,5.0,Succeeded,Within Expected
EDLAP,COPY-DB-PULSE-PRD-REF-TRANSACTION-899-WEEKLY,2026-01-07T12:01:41.000Z,2026-01-07T10:40:04.802Z,2026-01-07T10:34:00.000Z,6.0,Succeeded,Within Expected
EDLAP,COPY-DB-TITAN-PRD-CUR-METRIC-499,2026-01-07T12:01:41.000Z,2026-01-05T15:35:35.920Z,2026-01-07T10:34:00.000Z,null,Succeeded,Not Applicable
EDLAP,COPY-DB-ATLAS-PRD-RAW-FORECAST-499,2026-01-07T12:01:41.000Z,2026-01-07T10:40:20.197Z,2026-01-07T10:35:00.000Z,5.0,Succeeded,Within Expected
EDLAP,COPY-DB-TITAN-PRD-STG-PRODUCT-199-WEEKLY,2026-01-07T12:01:41.000Z,2026-01-07T10:40:42.315Z,2026-01-07T10:35:00.000Z,6.0,Succeeded,Within Expected
EDLAP,COPY-DB-ORION-PRD-STG-SCHEDULE-999,2026-01-07T12:01:41.000Z,2026-01-07T10:36:14.871Z,2026-01-07T10:34:00.000Z,2.0,Failed,Within Expected
EDLAP,COPY-DB-NEXUS-PRD-CUR-CAMPAIGN-199-WEEKLY,2026-01-07T12:01:41.000Z,2026-01-07T01:08:33.740Z,2026-01-07T01:06:00.000Z,3.0,Succeeded,Within Expected
EDLAP,COPY-DB-ORION-PRD-AGG-HIERARCHY-999,2026-01-07T12:01:41.000Z,2026-01-07T10:40:56.320Z,2026-01-07T10:34:00.000Z,7.0,Succeeded,Within Expected
EDLAP,COPY-DB-CORE-PRD-REF-TRANSACTION-199,2026-01-07T12:01:41.000Z,2026-01-07T10:38:52.673Z,2026-01-07T10:34:00.000Z,5.0,Failed,Within Expected
EDLAP,COPY-DB-TITAN-PRD-AGG-STORE-399,2026-01-07T12:01:41.000Z,2026-01-07T10:40:53.310Z,2026-01-07T10:35:00.000Z,6.0,Succeeded,Within Expected
EDLAP,COPY-DB-APEX-PRD-AGG-LOCATION-599,2026-01-07T12:01:41.000Z,2026-01-01T13:10:38.423Z,2026-01-07T13:10:00.000Z,null,Succeeded,Not Applicable
EDLAP,COPY-DB-NOVA-PRD-STG-VENDOR-499,2026-01-07T12:01:41.000Z,2026-01-07T10:38:54.787Z,2026-01-07T10:34:00.000Z,5.0,Failed,Within Expected
EDLAP,COPY-DB-CORE-PRD-TR-CAMPAIGN-399,2026-01-07T12:01:41.000Z,2026-01-05T15:09:59.329Z,2026-01-07T10:35:00.000Z,null,Succeeded,Not Applicable
EDLAP,COPY-DB-ZENITH-PRD-RAW-INVENTORY-899,2026-01-07T12:01:41.000Z,2026-01-07T10:40:59.072Z,2026-01-07T10:35:00.000Z,6.0,Succeeded,Within Expected
EDLAP,COPY-DB-NOVA-PRD-DIM-CUSTOMER-099,2026-01-07T12:01:41.000Z,2026-01-07T10:38:54.739Z,2026-01-07T10:35:00.000Z,4.0,Failed,Within Expected
EDLAP,COPY-DB-APEX-PRD-AGG-STORE-399-DAILY,2026-01-07T12:01:41.000Z,2026-01-07T10:38:48.477Z,2026-01-07T10:34:00.000Z,5.0,Failed,Within Expected
EDLAP,COPY-DB-NOVA-PRD-REF-HIERARCHY-799-WEEKLY,2026-01-07T12:01:41.000Z,2026-01-05T15:08:11.149Z,2026-01-07T10:35:00.000Z,null,Succeeded,Not Applicable
EDLAP,COPY-DB-ZENITH-PRD-TR-INVENTORY-299,2026-01-07T12:01:41.000Z,2026-01-05T15:35:39.332Z,2026-01-07T10:35:00.000Z,null,Succeeded,Not Applicable
EDLAP,COPY-DB-PULSE-PRD-AGG-BALANCE-999-WEEKLY,2026-01-07T12:01:41.000Z,2026-01-07T11:54:38.496Z,2026-01-07T11:40:00.000Z,15.0,Succeeded,Within Expected
EDLAP,COPY-DB-CORE-PRD-RAW-SCHEDULE-399,2026-01-07T12:01:41.000Z,2026-01-07T11:31:21.221Z,2026-01-07T11:17:00.000Z,14.0,Succeeded,Within Expected
EDLAP,COPY-DB-PULSE-PRD-CUR-STORE-099,2026-01-07T12:01:41.000Z,2026-01-06T11:59:23.826Z,2026-01-07T11:41:00.000Z,21.0,Succeeded,Delayed - To Be Finished
EDLAP,COPY-DB-ATLAS-PRD-TR-ATTRIBUTE-699-DAILY,2026-01-07T12:01:41.000Z,2026-01-06T14:13:09.913Z,2026-01-07T14:16:00.000Z,0.0,Succeeded,Within Expected
EDLAP,COPY-DB-ORION-PRD-RAW-EMPLOYEE-999-WEEKLY,2026-01-07T12:01:41.000Z,2026-01-07T01:17:09.208Z,2026-01-07T01:15:00.000Z,2.0,Succeeded,Within Expected
EDLAP,COPY-DB-PULSE-PRD-AGG-CAMPAIGN-099,2026-01-07T12:01:41.000Z,2026-01-07T11:27:52.844Z,2026-01-07T11:13:00.000Z,15.0,Succeeded,Within Expected
EDLAP,COPY-DB-PULSE-PRD-AGG-HIERARCHY-599,2026-01-07T12:01:41.000Z,2026-01-07T11:28:30.506Z,2026-01-07T11:15:00.000Z,14.0,Succeeded,Within Expected
EDLAP,COPY-DB-VEGA-PRD-RAW-SHIPMENT-799,2026-01-07T12:01:41.000Z,2026-01-07T11:28:38.444Z,2026-01-07T11:13:00.000Z,16.0,Succeeded,Within Expected
EDLAP,COPY-DB-VEGA-PRD-TR-CHANNEL-199,2026-01-07T12:01:41.000Z,2026-01-07T11:28:56.698Z,2026-01-07T11:15:00.000Z,14.0,Succeeded,Within Expected
EDLAP,COPY-DB-PULSE-PRD-REF-ORDER-599,2026-01-07T12:01:41.000Z,2026-01-07T10:40:37.753Z,2026-01-07T10:35:00.000Z,6.0,Succeeded,Within Expected
EDLAP,COPY-DB-PULSE-PRD-DIM-SEGMENT-599-WEEKLY,2026-01-07T12:01:41.000Z,2026-01-07T11:29:59.155Z,2026-01-07T11:17:00.000Z,13.0,Succeeded,Within Expected
EDLAP,COPY-DB-NEXUS-PRD-FACT-SCHEDULE-499,2026-01-07T12:01:41.000Z,2026-01-07T11:17:31.881Z,2026-01-07T11:13:00.000Z,5.0,Succeeded,Within Expected
EDLAP,COPY-DB-NEXUS-PRD-REF-METRIC-199,2026-01-07T12:01:41.000Z,2026-01-07T11:41:18.784Z,2026-01-07T11:28:00.000Z,13.0,Succeeded,Within Expected
EDLAP,COPY-DB-ZENITH-PRD-FACT-CAMPAIGN-299,2026-01-07T12:01:41.000Z,2026-01-07T11:17:37.111Z,2026-01-07T11:13:00.000Z,5.0,Succeeded,Within Expected
EDLAP,COPY-DB-ZENITH-PRD-TR-INVENTORY-899-DAILY,2026-01-07T12:01:41.000Z,2026-01-07T11:27:10.523Z,2026-01-07T11:11:00.000Z,16.0,Succeeded,Within Expected
EDLAP,COPY-DB-APEX-PRD-REF-CAMPAIGN-399,2026-01-07T12:01:41.000Z,2026-01-07T11:28:09.672Z,2026-01-07T11:17:00.000Z,11.0,Succeeded,Within Expected
EDLAP,COPY-DB-APEX-PRD-STG-LOCATION-899-WEEKLY,2026-01-07T12:01:41.000Z,2026-01-07T11:27:48.150Z,2026-01-07T11:11:00.000Z,17.0,Succeeded,Within Expected
EDLAP,COPY-DB-ORION-PRD-REF-CUSTOMER-199,2026-01-07T12:01:41.000Z,2026-01-02T13:28:54.507Z,2026-01-07T13:28:00.000Z,null,Succeeded,Not Applicable
EDLAP,COPY-DB-NEXUS-PRD-REF-METRIC-399,2026-01-07T12:01:41.000Z,2026-01-02T13:19:47.195Z,2026-01-07T13:19:00.000Z,null,Succeeded,Not Applicable
EDLAP,COPY-DB-ORION-PRD-DIM-CUSTOMER-199,2026-01-07T12:01:41.000Z,2026-01-02T13:36:30.012Z,2026-01-07T13:36:00.000Z,null,Succeeded,Not Applicable
EDLAP,COPY-DB-NOVA-PRD-FACT-CHANNEL-399,2026-01-07T12:01:41.000Z,2026-01-02T13:34:37.777Z,2026-01-07T13:34:00.000Z,null,Succeeded,Not Applicable
EDLAP,COPY-DB-ZENITH-PRD-REF-CAMPAIGN-299-DAILY,2026-01-07T12:01:41.000Z,2026-01-02T13:35:04.717Z,2026-01-07T13:35:00.000Z,null,Succeeded,Not Applicable
EDLAP,COPY-DB-CORE-PRD-CUR-CUSTOMER-799-WEEKLY,2026-01-07T12:01:41.000Z,2026-01-02T13:19:46.126Z,2026-01-07T13:19:00.000Z,null,Succeeded,Not Applicable
EDLAP,COPY-DB-TITAN-PRD-FACT-PRODUCT-699,2026-01-07T12:01:41.000Z,2026-01-02T13:53:25.309Z,2026-01-07T13:53:00.000Z,null,Succeeded,Not Applicable
EDLAP,COPY-DB-APEX-PRD-RAW-LOCATION-099,2026-01-07T12:01:41.000Z,2026-01-02T13:15:56.187Z,2026-01-07T13:15:00.000Z,null,Succeeded,Not Applicable
EDLAP,COPY-DB-NEXUS-PRD-RAW-BALANCE-599,2026-01-07T12:01:41.000Z,2026-01-02T13:38:54.777Z,2026-01-07T13:38:00.000Z,null,Succeeded,Not Applicable
EDLAP,COPY-DB-TITAN-PRD-REF-VENDOR-899-WEEKLY,2026-01-07T12:01:41.000Z,2026-01-02T13:39:04.461Z,2026-01-07T13:39:00.000Z,null,Succeeded,Not Applicable
EDLAP,COPY-DB-ATLAS-PRD-RAW-SHIPMENT-499-WEEKLY,2026-01-07T12:01:41.000Z,2026-01-07T11:19:28.440Z,2026-01-07T11:09:00.000Z,10.0,Failed,Within Expected
EDLAP,COPY-DB-TITAN-PRD-FACT-LOCATION-899,2026-01-07T12:01:41.000Z,2026-01-07T02:11:52.840Z,2026-01-07T02:07:00.000Z,5.0,Succeeded,Within Expected
EDLAP,COPY-DB-NEXUS-PRD-DIM-STORE-399,2026-01-07T12:01:41.000Z,2026-01-07T02:11:21.487Z,2026-01-07T02:10:00.000Z,1.0,Succeeded,Within Expected
EDLAP,COPY-DB-APEX-PRD-CUR-CATEGORY-399-WEEKLY,2026-01-07T12:01:41.000Z,2026-01-06T13:46:44.609Z,2026-01-07T13:46:00.000Z,0.0,Succeeded,Within Expected
EDLAP,COPY-DB-NEXUS-PRD-TR-EMPLOYEE-099-WEEKLY,2026-01-07T12:01:41.000Z,2026-01-07T11:35:53.646Z,2026-01-07T11:18:00.000Z,18.0,Failed,Within Expected
EDLAP,COPY-DB-VEGA-PRD-CUR-PRICING-699-DAILY,2026-01-07T12:01:41.000Z,2026-01-07T02:11:28.691Z,2026-01-07T02:10:00.000Z,1.0,Succeeded,Within Expected
EDLAP,COPY-DB-ZENITH-PRD-TR-VENDOR-499,2026-01-07T12:01:41.000Z,2026-01-07T06:32:46.541Z,2026-01-07T06:30:00.000Z,3.0,Failed,Within Expected
EDLAP,COPY-DB-NEXUS-PRD-DIM-BALANCE-599,2026-01-07T12:01:41.000Z,2026-01-07T07:35:56.387Z,null,0.0,Succeeded,Within Expected
EDLAP,COPY-DB-NEXUS-PRD-CUR-CHANNEL-899,2026-01-07T12:01:41.000Z,2026-01-07T04:13:45.022Z,null,0.0,Succeeded,Within Expected
EDLAP,COPY-DB-NEXUS-PRD-FACT-SHIPMENT-199-DAILY,2026-01-07T12:01:41.000Z,2026-01-07T05:45:15.628Z,null,0.0,Succeeded,Within Expected
EDLAP,COPY-DB-ORION-PRD-REF-EMPLOYEE-199-DAILY,2026-01-07T12:01:41.000Z,2026-01-07T10:16:55.615Z,null,0.0,Succeeded,Within Expected
EDLAP,COPY-DB-TITAN-PRD-DIM-SEGMENT-199-WEEKLY,2026-01-07T12:01:41.000Z,2026-01-06T18:27:22.904Z,null,0.0,Succeeded,Within Expected
EDLAP,COPY-DB-CORE-PRD-STG-INVENTORY-399,2026-01-07T12:01:41.000Z,2026-01-06T16:40:14.481Z,null,0.0,Succeeded,Within Expected
EDLAP,COPY-DB-TITAN-PRD-AGG-EMPLOYEE-299,2026-01-07T12:01:41.000Z,2026-01-07T02:53:22.609Z,null,0.0,Succeeded,Within Expected
EDLAP,COPY-DB-ZENITH-PRD-STG-STORE-099-WEEKLY,2026-01-07T12:01:41.000Z,2026-01-07T06:41:44.027Z,null,0.0,Succeeded,Within Expected
EDLAP,COPY-DB-CORE-PRD-FACT-STORE-899,2026-01-07T12:01:41.000Z,2026-01-07T02:15:03.209Z,2026-01-07T02:15:00.000Z,0.0,Succeeded,Within Expected
EDLAP,COPY-DB-PULSE-PRD-AGG-ORDER-599,2026-01-07T12:01:41.000Z,2026-01-07T02:36:01.890Z,null,0.0,Succeeded,Within Expected
EDLAP,COPY-DB-TITAN-PRD-STG-PRICING-299-WEEKLY,2026-01-07T12:01:41.000Z,2026-01-07T08:02:09.022Z,null,0.0,Succeeded,Within Expected
EDLAP,COPY-DB-PULSE-PRD-AGG-SEGMENT-899,2026-01-07T12:01:41.000Z,2026-01-07T04:16:13.906Z,null,0.0,Succeeded,Within Expected
EDLAP,COPY-DB-PULSE-PRD-AGG-ATTRIBUTE-199,2026-01-07T12:01:41.000Z,2026-01-07T06:41:33.146Z,null,0.0,Succeeded,Within Expected
EDLAP,COPY-DB-VEGA-PRD-FACT-PRODUCT-899,2026-01-07T12:01:41.000Z,2026-01-06T10:08:49.680Z,null,0.0,Succeeded,Within Expected
EDLAP,COPY-DB-VEGA-PRD-AGG-SEGMENT-399,2026-01-07T12:01:41.000Z,2026-01-06T18:26:27.897Z,null,0.0,Succeeded,Within Expected
EDLAP,COPY-DB-TITAN-PRD-AGG-CHANNEL-799,2026-01-07T12:01:41.000Z,2026-01-06T17:14:34.225Z,null,0.0,Succeeded,Within Expected
EDLAP,PIPE-NEXUS-STORE-680,2026-01-07T12:01:41.000Z,2026-01-07T05:41:53.121Z,2026-01-07T05:39:00.000Z,3.0,Succeeded,Within Expected
EDLAP,PIPE-NOVA-ORDER-627,2026-01-07T12:01:41.000Z,2026-01-03T07:53:28.170Z,2026-01-07T07:48:00.000Z,null,Succeeded,Not Applicable
EDLAP,PIPE-PULSE-TRANSACTION-400,2026-01-07T12:01:41.000Z,2026-01-07T07:05:10.057Z,2026-01-07T07:09:00.000Z,0.0,Succeeded,Within Expected
EDLAP,PIPE-ATLAS-CAMPAIGN-035,2026-01-07T12:01:41.000Z,2026-01-03T09:13:23.844Z,null,null,Succeeded,Not Applicable
EDLAP,PIPE-APEX-ORDER-039,2026-01-07T12:01:41.000Z,2026-01-07T03:04:19.540Z,2026-01-07T03:04:00.000Z,0.0,Succeeded,Within Expected
EDLAP,PIPE-NEXUS-SCHEDULE-221,2026-01-07T12:01:41.000Z,2026-01-03T09:21:08.399Z,null,null,Succeeded,Not Applicable
EDLAP,PIPE-PULSE-CONTRACT-979,2026-01-07T12:01:41.000Z,2026-01-07T08:33:58.011Z,2026-01-07T04:48:00.000Z,226.0,Succeeded,Delayed - Finished
EDLAP,PIPE-TITAN-SHIPMENT-988,2026-01-07T12:01:41.000Z,2026-01-03T07:25:34.701Z,null,null,Succeeded,Not Applicable
EDLAP,PIPE-NEXUS-SHIPMENT-739,2026-01-07T12:01:41.000Z,2026-01-07T04:11:06.103Z,2026-01-07T04:13:00.000Z,0.0,Succeeded,Within Expected
EDLAP,PIPE-TITAN-INVENTORY-173,2026-01-07T12:01:41.000Z,2026-01-03T11:24:54.429Z,null,null,Succeeded,Not Applicable
EDLAP,PIPE-NEXUS-CATEGORY-284,2026-01-07T12:01:41.000Z,2026-01-07T11:28:00.953Z,2026-01-07T11:13:00.000Z,15.0,Succeeded,Within Expected
EDLAP,PIPE-VEGA-CUSTOMER-263,2026-01-07T12:01:41.000Z,2026-01-03T13:18:52.739Z,null,null,Succeeded,Not Applicable
EDLAP,PIPE-VEGA-STORE-926,2026-01-07T12:01:41.000Z,2026-01-07T06:32:35.486Z,2026-01-07T06:30:00.000Z,3.0,Failed,Within Expected
EDLAP,PIPE-APEX-ATTRIBUTE-959,2026-01-07T12:01:41.000Z,2026-01-03T08:33:04.968Z,null,null,Succeeded,Not Applicable
EDLAP,PIPE-ORION-INVENTORY-192,2026-01-07T12:01:41.000Z,2026-01-07T02:10:29.124Z,2026-01-07T02:08:00.000Z,2.0,Succeeded,Within Expected
EDLAP,PIPE-ORION-SEGMENT-473,2026-01-07T12:01:41.000Z,2026-01-03T04:21:52.222Z,null,null,Succeeded,Not Applicable
EDLAP,PIPE-CORE-CHANNEL-181,2026-01-07T12:01:41.000Z,2026-01-07T05:42:01.582Z,2026-01-07T05:42:00.000Z,0.0,Succeeded,Within Expected
EDLAP,PIPE-NEXUS-TRANSACTION-458,2026-01-07T12:01:41.000Z,2026-01-03T08:08:46.476Z,null,null,Succeeded,Not Applicable
EDLAP,PIPE-TITAN-SCHEDULE-499,2026-01-07T12:01:41.000Z,2026-01-07T07:04:30.299Z,2026-01-07T07:10:00.000Z,0.0,Succeeded,Within Expected
EDLAP,PIPE-CORE-FORECAST-619,2026-01-07T12:01:41.000Z,2026-01-07T03:04:21.676Z,2026-01-07T03:05:00.000Z,0.0,Succeeded,Within Expected
EDLAP,PIPE-PULSE-PRICING-636,2026-01-07T12:01:41.000Z,2026-01-07T04:51:41.051Z,2026-01-07T04:49:00.000Z,3.0,Succeeded,Within Expected
EDLAP,PIPE-PULSE-ORDER-163,2026-01-07T12:01:41.000Z,2026-01-07T04:15:48.799Z,2026-01-07T04:14:00.000Z,2.0,Succeeded,Within Expected
EDLAP,PIPE-ATLAS-SEGMENT-548,2026-01-07T12:01:41.000Z,2026-01-07T06:32:47.409Z,2026-01-07T06:30:00.000Z,3.0,Failed,Within Expected
EDLAP,PIPE-VEGA-PRICING-276,2026-01-07T12:01:41.000Z,2026-01-07T02:53:07.093Z,null,0.0,Succeeded,Within Expected
EDLAP,PIPE-NOVA-LOCATION-465,2026-01-07T12:01:41.000Z,2026-01-07T05:41:33.522Z,2026-01-07T05:44:00.000Z,0.0,Succeeded,Within Expected
EDLAP,PIPE-ATLAS-ATTRIBUTE-056,2026-01-07T12:01:41.000Z,2026-01-07T07:05:11.534Z,2026-01-07T07:10:00.000Z,0.0,Succeeded,Within Expected
EDLAP,PIPE-NOVA-STORE-876,2026-01-07T12:01:41.000Z,2026-01-07T03:04:45.184Z,2026-01-07T03:04:00.000Z,1.0,Succeeded,Within Expected
EDLAP,PIPE-TITAN-VENDOR-109,2026-01-07T12:01:41.000Z,2026-01-07T04:53:28.495Z,2026-01-07T04:49:00.000Z,4.0,Succeeded,Within Expected
EDLAP,PIPE-CORE-STORE-485,2026-01-07T12:01:41.000Z,2026-01-07T04:12:24.434Z,2026-01-07T04:13:00.000Z,0.0,Succeeded,Within Expected
EDLAP,PIPE-APEX-CATEGORY-316,2026-01-07T12:01:41.000Z,2026-01-03T13:04:17.426Z,2026-01-07T13:12:00.000Z,null,Succeeded,Not Applicable
EDLAP,PIPE-ORION-CONTRACT-286,2026-01-07T12:01:41.000Z,2026-01-07T06:33:00.608Z,2026-01-07T06:30:00.000Z,3.0,Failed,Within Expected
EDLAP,PIPE-ZENITH-REGION-591,2026-01-07T12:01:41.000Z,2026-01-07T02:52:38.562Z,null,0.0,Succeeded,Within Expected
EDLAP,PIPE-ATLAS-LOCATION-695,2026-01-07T12:01:41.000Z,2026-01-07T05:40:47.737Z,2026-01-07T05:41:00.000Z,0.0,Succeeded,Within Expected
EDLAP,PIPE-ZENITH-SEGMENT-884,2025-12-29T10:01:39.000Z,2025-12-18T02:11:38.779Z,2025-12-29T02:11:00.000Z,471.0,Succeeded,Delayed - To Be Finished
EDLAP,PIPE-PULSE-LOCATION-874,2025-12-29T10:01:39.000Z,2025-12-18T10:05:01.597Z,2025-12-29T10:05:00.000Z,0.0,Succeeded,Within Expected
EDLAP,PIPE-VEGA-CUSTOMER-827,2025-12-29T10:01:39.000Z,2025-12-18T01:04:40.505Z,2025-12-29T01:04:00.000Z,538.0,Succeeded,Delayed - To Be Finished
EDLAP,PIPE-ZENITH-HIERARCHY-247,2026-01-07T12:01:41.000Z,2026-01-07T07:05:22.806Z,2026-01-07T07:10:00.000Z,0.0,Succeeded,Within Expected
EDLAP,PIPE-TITAN-INVENTORY-380,2026-01-07T12:01:41.000Z,2026-01-07T03:04:09.824Z,2026-01-07T03:04:00.000Z,0.0,Succeeded,Within Expected
EDLAP,PIPE-ATLAS-CUSTOMER-312,2026-01-07T12:01:41.000Z,2026-01-07T04:53:18.341Z,2026-01-07T04:49:00.000Z,4.0,Succeeded,Within Expected
EDLAP,PIPE-APEX-CONTRACT-340,2026-01-07T12:01:41.000Z,2026-01-07T04:13:27.416Z,2026-01-07T04:13:00.000Z,0.0,Succeeded,Within Expected
EDLAP,PIPE-APEX-EMPLOYEE-956,2026-01-07T12:01:41.000Z,2026-01-07T11:26:44.668Z,2026-01-07T11:12:00.000Z,15.0,Succeeded,Within Expected
EDLAP,PIPE-CORE-EMPLOYEE-492,2026-01-07T12:01:41.000Z,2026-01-07T06:32:37.994Z,2026-01-07T06:30:00.000Z,3.0,Failed,Within Expected
EDLAP,PIPE-APEX-CONTRACT-577,2026-01-07T12:01:41.000Z,2026-01-07T02:11:34.104Z,2026-01-07T02:10:00.000Z,2.0,Succeeded,Within Expected
EDLAP,PIPE-TITAN-CATEGORY-240,2026-01-07T12:01:41.000Z,2026-01-07T05:40:50.733Z,2026-01-07T05:41:00.000Z,0.0,Succeeded,Within Expected
EDLAP,PIPE-NOVA-ATTRIBUTE-641,2026-01-07T12:01:41.000Z,2026-01-03T05:24:35.227Z,2026-01-07T05:33:00.000Z,null,Succeeded,Not Applicable
EDLAP,PIPE-ZENITH-ORDER-959,2026-01-07T12:01:41.000Z,2026-01-03T13:39:23.246Z,null,null,Succeeded,Not Applicable
EDLAP,PIPE-CORE-METRIC-604,2026-01-07T12:01:41.000Z,2026-01-04T09:08:47.540Z,2026-01-07T04:17:00.000Z,null,Succeeded,Not Applicable
EDLAP,PIPE-ZENITH-SHIPMENT-032,2026-01-07T12:01:41.000Z,2026-01-07T11:56:10.976Z,null,0.0,Failed,Within Expected
EDLAP,PIPE-NOVA-FORECAST-737,2026-01-07T12:01:41.000Z,2026-01-07T07:23:00.912Z,2026-01-07T07:24:00.000Z,0.0,Succeeded,Within Expected
EDLAP,PIPE-APEX-INVENTORY-847,2026-01-07T12:01:41.000Z,2026-01-06T23:05:20.359Z,2026-01-07T22:47:00.000Z,0.0,Succeeded,Within Expected
EDLAP,PIPE-NEXUS-SCHEDULE-209,2026-01-07T12:01:41.000Z,2026-01-07T08:34:42.732Z,2026-01-07T05:00:00.000Z,215.0,Succeeded,Delayed - Finished
EDLAP,PIPE-NEXUS-ACCOUNT-910,2026-01-07T12:01:41.000Z,2026-01-07T04:21:10.619Z,2026-01-07T04:22:00.000Z,0.0,Succeeded,Within Expected
EDLAP,PIPE-ATLAS-CUSTOMER-165,2026-01-07T12:01:41.000Z,2026-01-07T11:41:15.517Z,2026-01-07T11:25:00.000Z,16.0,Succeeded,Within Expected
EDLAP,PIPE-TITAN-LOCATION-671,2026-01-07T12:01:41.000Z,2026-01-07T06:33:04.928Z,2026-01-07T06:50:00.000Z,0.0,Failed,Within Expected
EDLAP,PIPE-CORE-BALANCE-771,2026-01-07T12:01:41.000Z,2026-01-07T02:23:04.322Z,2026-01-07T02:28:00.000Z,0.0,Succeeded,Within Expected
EDLAP,PIPE-VEGA-PRODUCT-595,2026-01-07T12:01:41.000Z,2026-01-07T05:58:53.929Z,2026-01-07T05:58:00.000Z,1.0,Succeeded,Within Expected
EDLAP,PIPE-APEX-EMPLOYEE-915,2026-01-07T12:01:41.000Z,2026-01-07T07:45:53.263Z,null,0.0,Succeeded,Within Expected
EDLAP,PIPE-TITAN-PRODUCT-636,2026-01-07T12:01:41.000Z,2026-01-07T06:02:55.486Z,null,0.0,Succeeded,Within Expected
EDLAP,PIPE-ORION-METRIC-734,2026-01-07T12:01:41.000Z,2026-01-07T10:25:55.649Z,null,0.0,Failed,Within Expected
EDLAP,PIPE-NOVA-STORE-538,2026-01-07T12:01:41.000Z,2026-01-06T18:10:55.073Z,null,0.0,Succeeded,Within Expected
EDLAP,PIPE-ZENITH-PRODUCT-438,2026-01-07T12:01:41.000Z,2026-01-06T16:56:30.783Z,null,0.0,Succeeded,Within Expected
EDLAP,PIPE-ZENITH-TRANSACTION-115,2026-01-07T12:01:41.000Z,2026-01-07T06:58:21.565Z,null,0.0,Succeeded,Within Expected
EDLAP,PIPE-VEGA-SEGMENT-854,2026-01-07T12:01:41.000Z,2026-01-07T07:40:50.442Z,null,0.0,Succeeded,Within Expected
EDLAP,PIPE-APEX-BALANCE-532,2026-01-07T12:01:41.000Z,2026-01-07T03:43:30.635Z,null,0.0,Succeeded,Within Expected
EDLAP,PIPE-ORION-INVENTORY-824,2026-01-07T12:01:41.000Z,2026-01-07T05:58:56.544Z,null,0.0,Succeeded,Within Expected
EDLAP,PIPE-CORE-ATTRIBUTE-308,2026-01-07T12:01:41.000Z,2026-01-07T10:25:59.715Z,null,0.0,Failed,Within Expected
EDLAP,PIPE-ATLAS-CATEGORY-273,2026-01-07T12:01:41.000Z,2026-01-07T11:28:30.434Z,2026-01-07T11:12:00.000Z,17.0,Succeeded,Within Expected
EDLAP,PIPE-CORE-TRANSACTION-855,2026-01-07T12:01:41.000Z,2026-01-06T16:47:36.888Z,null,0.0,Succeeded,Within Expected
EDLAP,PIPE-TITAN-STORE-245,2026-01-07T12:01:41.000Z,2026-01-07T06:50:32.811Z,null,0.0,Succeeded,Within Expected
EDLAP,PIPE-TITAN-TRANSACTION-474,2026-01-07T12:01:41.000Z,2026-01-06T17:07:07.111Z,null,0.0,Succeeded,Within Expected
EDLAP,PIPE-NEXUS-STORE-242,2026-01-07T12:01:41.000Z,2026-01-06T16:58:59.191Z,null,0.0,Succeeded,Within Expected
EDLAP,PIPE-CORE-SCHEDULE-454,2026-01-07T12:01:41.000Z,2026-01-07T11:08:22.572Z,2026-01-07T11:13:00.000Z,0.0,Failed,Within Expected
EDLAP,PIPE-PULSE-FORECAST-343,2026-01-07T12:01:41.000Z,2026-01-07T11:36:16.245Z,2026-01-07T11:33:00.000Z,3.0,Succeeded,Within Expected
EDLAP,PIPE-TITAN-PRODUCT-737,2026-01-07T12:01:41.000Z,2026-01-07T04:16:49.145Z,2026-01-07T04:21:00.000Z,0.0,Succeeded,Within Expected
EDLAP,PIPE-ATLAS-VENDOR-247,2026-01-07T12:01:41.000Z,2026-01-07T11:17:32.039Z,2026-01-07T11:09:00.000Z,9.0,Failed,Within Expected
EDLAP,PIPE-PULSE-SEGMENT-211,2026-01-07T12:01:41.000Z,2026-01-07T07:13:00.608Z,null,0.0,Succeeded,Within Expected
EDLAP,PIPE-TITAN-SCHEDULE-105,2026-01-07T12:01:41.000Z,2026-01-07T03:15:14.542Z,null,0.0,Succeeded,Within Expected
EDLAP,PIPE-VEGA-REGION-956,2026-01-07T12:01:41.000Z,2026-01-07T05:17:33.216Z,null,0.0,Succeeded,Within Expected
EDLAP,PIPE-ATLAS-HIERARCHY-848,2026-01-07T12:01:41.000Z,2026-01-07T04:24:07.647Z,null,0.0,Succeeded,Within Expected
EDLAP,PIPE-CORE-PRICING-441,2026-01-07T12:01:41.000Z,2026-01-06T13:29:34.890Z,null,0.0,Succeeded,Within Expected
EDLAP,PIPE-NEXUS-INVENTORY-948,2026-01-07T12:01:41.000Z,2026-01-07T02:12:02.868Z,2026-01-07T02:06:00.000Z,6.0,Succeeded,Within Expected
EDLAP,PIPE-APEX-CATEGORY-060,2026-01-07T12:01:41.000Z,2026-01-07T05:58:40.486Z,null,0.0,Succeeded,Within Expected
EDLAP,PIPE-ATLAS-METRIC-902,2026-01-07T12:01:41.000Z,2026-01-07T07:12:53.930Z,null,0.0,Succeeded,Within Expected
EDLAP,PIPE-PULSE-CONTRACT-672,2026-01-07T12:01:41.000Z,2026-01-07T03:15:25.094Z,null,0.0,Succeeded,Within Expected
EDLAP,PIPE-PULSE-EMPLOYEE-448,2026-01-07T12:01:41.000Z,2026-01-07T05:17:47.117Z,null,0.0,Succeeded,Within Expected
EDLAP,PIPE-APEX-PRICING-509,2026-01-07T12:01:41.000Z,2026-01-07T04:29:20.389Z,null,0.0,Succeeded,Within Expected
EDLAP,PIPE-ORION-VENDOR-620,2026-01-07T12:01:41.000Z,2026-01-06T13:26:07.166Z,null,0.0,Succeeded,Within Expected
EDLAP,PIPE-TITAN-SHIPMENT-514,2026-01-07T12:01:41.000Z,2026-01-07T02:11:47.073Z,2026-01-07T02:08:00.000Z,4.0,Succeeded,Within Expected
EDLAP,PIPE-CORE-CATEGORY-227,2026-01-07T12:01:41.000Z,2026-01-07T05:59:30.125Z,null,0.0,Succeeded,Within Expected
EDLAP,PIPE-ZENITH-STORE-697,2026-01-07T12:01:41.000Z,2026-01-03T13:41:19.748Z,null,null,Succeeded,Not Applicable
EDLAP,PIPE-CORE-ATTRIBUTE-811,2026-01-07T12:01:41.000Z,2026-01-07T07:13:57.217Z,null,0.0,Succeeded,Within Expected
EDLAP,PIPE-TITAN-HIERARCHY-121,2026-01-07T12:01:41.000Z,2026-01-07T03:14:57.487Z,null,0.0,Succeeded,Within Expected
EDLAP,PIPE-NEXUS-SHIPMENT-758,2026-01-07T12:01:41.000Z,2026-01-07T05:18:30.226Z,null,0.0,Succeeded,Within Expected
EDLAP,PIPE-VEGA-LOCATION-166,2026-01-07T12:01:41.000Z,2026-01-07T04:30:29.776Z,null,0.0,Succeeded,Within Expected
EDLAP,PIPE-VEGA-CHANNEL-545,2026-01-07T12:01:41.000Z,2026-01-06T13:39:14.573Z,null,0.0,Succeeded,Within Expected
EDLAP,PIPE-APEX-BALANCE-320,2026-01-07T12:01:41.000Z,2026-01-07T02:11:33.527Z,2026-01-07T02:09:00.000Z,3.0,Succeeded,Within Expected
EDLAP,PIPE-CORE-METRIC-996,2026-01-07T12:01:41.000Z,2026-01-07T06:00:21.510Z,null,0.0,Succeeded,Within Expected
EDLAP,PIPE-VEGA-METRIC-074,2026-01-07T12:01:41.000Z,2026-01-07T07:04:54.534Z,2026-01-07T07:10:00.000Z,0.0,Succeeded,Within Expected
EDLAP,PIPE-ZENITH-INVENTORY-156,2026-01-07T12:01:41.000Z,2026-01-06T22:48:55.314Z,2026-01-07T22:45:00.000Z,0.0,Succeeded,Within Expected
EDLAP,PIPE-ZENITH-STORE-443,2026-01-07T12:01:41.000Z,2026-01-07T04:53:33.940Z,2026-01-07T04:49:00.000Z,5.0,Succeeded,Within Expected
EDLAP,PIPE-ORION-SHIPMENT-362,2026-01-07T12:01:41.000Z,2026-01-07T04:13:29.589Z,2026-01-07T04:13:00.000Z,0.0,Succeeded,Within Expected
EDLAP,PIPE-APEX-CAMPAIGN-002,2026-01-07T12:01:41.000Z,2026-01-07T06:32:31.791Z,2026-01-07T06:31:00.000Z,2.0,Failed,Within Expected
EDLAP,PIPE-ORION-EMPLOYEE-880,2026-01-07T12:01:41.000Z,2026-01-07T02:16:00.811Z,2026-01-07T02:15:00.000Z,1.0,Succeeded,Within Expected
EDLAP,PIPE-PULSE-LOCATION-413,2026-01-07T12:01:41.000Z,2026-01-07T05:41:54.845Z,2026-01-07T05:41:00.000Z,1.0,Succeeded,Within Expected
EDLAP,PIPE-ZENITH-HIERARCHY-402,2026-01-07T12:01:41.000Z,2026-01-07T07:34:11.715Z,null,0.0,Succeeded,Within Expected
EDLAP,PIPE-ATLAS-PRICING-461,2026-01-07T12:01:41.000Z,2026-01-07T05:43:00.444Z,null,0.0,Succeeded,Within Expected
EDLAP,PIPE-CORE-CUSTOMER-730,2026-01-07T12:01:41.000Z,2026-01-07T10:17:18.190Z,null,0.0,Succeeded,Within Expected
EDLAP,PIPE-APEX-STORE-281,2026-01-07T12:01:41.000Z,2026-01-06T16:38:33.121Z,null,0.0,Succeeded,Within Expected
EDLAP,PIPE-ORION-HIERARCHY-847,2026-01-07T12:01:41.000Z,2026-01-07T06:41:53.534Z,null,0.0,Succeeded,Within Expected
EDLAP,PIPE-PULSE-TRANSACTION-289,2026-01-07T12:01:41.000Z,2026-01-07T07:17:36.022Z,null,0.0,Succeeded,Within Expected
EDLAP,PIPE-TITAN-LOCATION-539,2026-01-07T12:01:41.000Z,2026-01-07T03:15:52.227Z,null,0.0,Succeeded,Within Expected
EDLAP,PIPE-PULSE-BALANCE-882,2026-01-07T12:01:41.000Z,2026-01-07T05:21:42.365Z,null,0.0,Succeeded,Within Expected
EDLAP,PIPE-APEX-FORECAST-958,2026-01-07T12:01:41.000Z,2026-01-07T04:32:41.044Z,null,0.0,Succeeded,Within Expected
EDLAP,PIPE-VEGA-BALANCE-259,2026-01-07T12:01:41.000Z,2026-01-07T11:19:37.244Z,2026-01-07T11:14:00.000Z,6.0,Succeeded,Within Expected
EDLAP,PIPE-ZENITH-ORDER-443,2026-01-07T12:01:41.000Z,2026-01-06T13:41:54.295Z,null,0.0,Succeeded,Within Expected
EDLAP,PIPE-PULSE-EMPLOYEE-431,2026-01-07T12:01:41.000Z,2026-01-07T02:10:13.393Z,2026-01-07T02:10:00.000Z,0.0,Succeeded,Within Expected
EDLAP,PIPE-TITAN-METRIC-384,2026-01-07T12:01:41.000Z,2026-01-07T06:01:14.578Z,null,0.0,Succeeded,Within Expected
EDLAP,PIPE-NOVA-BALANCE-493,2026-01-07T12:01:41.000Z,2026-01-07T07:05:45.207Z,2026-01-07T07:10:00.000Z,0.0,Succeeded,Within Expected
EDLAP,PIPE-ATLAS-CATEGORY-919,2026-01-07T12:01:41.000Z,2026-01-07T03:19:19.351Z,2026-01-07T03:24:00.000Z,0.0,Succeeded,Within Expected
EDLAP,PIPE-NOVA-PRODUCT-845,2026-01-07T12:01:41.000Z,2026-01-07T04:53:26.766Z,2026-01-07T04:49:00.000Z,4.0,Succeeded,Within Expected
EDLAP,PIPE-ZENITH-ACCOUNT-746,2026-01-07T12:01:41.000Z,2026-01-07T04:13:24.043Z,2026-01-07T04:12:00.000Z,1.0,Succeeded,Within Expected
EDLAP,PIPE-ATLAS-STORE-493,2026-01-07T12:01:41.000Z,2026-01-07T11:54:48.548Z,2026-01-07T11:36:00.000Z,19.0,Succeeded,Within Expected
EDLAP,PIPE-APEX-HIERARCHY-036,2026-01-07T12:01:41.000Z,2026-01-07T06:33:12.417Z,2026-01-07T06:31:00.000Z,2.0,Failed,Within Expected
EDLAP,PIPE-PULSE-EMPLOYEE-968,2026-01-07T12:01:41.000Z,2026-01-07T02:17:05.616Z,2026-01-07T02:17:00.000Z,0.0,Succeeded,Within Expected
EDLAP,PIPE-ZENITH-CAMPAIGN-006,2026-01-07T12:01:41.000Z,2026-01-07T05:40:44.674Z,2026-01-07T05:42:00.000Z,0.0,Succeeded,Within Expected
EDLAP,PIPE-VEGA-CUSTOMER-740,2026-01-07T12:01:41.000Z,2026-01-06T16:39:51.516Z,null,0.0,Succeeded,Within Expected
EDLAP,PIPE-ORION-LOCATION-120,2026-01-07T12:01:41.000Z,2026-01-06T16:49:01.885Z,null,0.0,Succeeded,Within Expected
EDLAP,PIPE-NOVA-REGION-231,2026-01-07T12:01:41.000Z,2026-01-03T13:17:31.229Z,null,null,Succeeded,Not Applicable
SAP_BW,PIPE-PULSE-CONTRACT-571,2026-01-07T08:36:40.000Z,2026-01-07T02:01:42.000Z,2026-01-07T02:01:00.000Z,1.0,G,Within Expected
SAP_BW,PIPE-ORION-SEGMENT-862,2026-01-07T08:36:40.000Z,2026-01-07T00:05:22.000Z,2026-01-07T10:07:00.000Z,0.0,G,Within Expected
SAP_BW,PIPE-CORE-ORDER-264,2026-01-07T08:36:40.000Z,2026-01-06T19:01:15.000Z,2026-01-07T20:00:00.000Z,0.0,G,Within Expected
SAP_BW,PIPE-NEXUS-LOCATION-961,2026-01-07T08:36:40.000Z,2026-01-07T02:59:04.000Z,2026-01-07T01:47:00.000Z,72.0,G,Within Expected
SAP_BW,PIPE-ZENITH-SCHEDULE-929,2026-01-07T08:36:40.000Z,2026-01-06T22:08:43.000Z,2026-01-07T21:01:00.000Z,0.0,G,Within Expected
SAP_BW,PIPE-VEGA-LOCATION-813,2026-01-07T08:36:40.000Z,2026-01-07T08:43:45.000Z,2026-01-07T09:58:00.000Z,0.0,G,Within Expected
SAP_BW,PIPE-ZENITH-PRODUCT-255,2026-01-07T08:36:40.000Z,2026-01-07T06:50:38.000Z,2026-01-07T06:53:00.000Z,104.0,R,Failed
SAP_BW,PIPE-VEGA-ACCOUNT-962,2026-01-07T08:36:40.000Z,2026-01-07T03:01:52.000Z,2026-01-07T03:01:00.000Z,1.0,G,Within Expected
SAP_BW,PIPE-CORE-ATTRIBUTE-799,2026-01-07T08:36:40.000Z,2026-01-07T00:52:38.000Z,2026-01-07T08:40:00.000Z,0.0,G,Within Expected
SAP_BW,PIPE-ZENITH-PRICING-728,2026-01-07T08:36:40.000Z,2026-01-07T00:04:07.000Z,2026-01-07T23:02:00.000Z,0.0,G,Within Expected
SAP_BW,PIPE-TITAN-HIERARCHY-127,2026-01-07T08:36:40.000Z,2026-01-07T07:28:59.000Z,2026-01-07T16:22:00.000Z,0.0,G,Within Expected
SAP_BW,PIPE-ATLAS-HIERARCHY-060,2026-01-07T08:36:40.000Z,2026-01-07T06:47:05.000Z,2026-01-07T07:21:00.000Z,0.0,G,Within Expected
SAP_BW,PIPE-ZENITH-REGION-570,2026-01-07T08:36:40.000Z,2026-01-07T07:28:59.000Z,2026-01-07T10:49:00.000Z,0.0,G,Within Expected
SAP_BW,PIPE-VEGA-FORECAST-711,2026-01-07T08:36:40.000Z,2026-01-07T06:57:15.000Z,2026-01-07T11:50:00.000Z,0.0,G,Within Expected
SAP_BW,PIPE-PULSE-SCHEDULE-598,2026-01-07T08:36:40.000Z,2026-01-07T07:28:59.000Z,2026-01-07T13:52:00.000Z,0.0,G,Within Expected
SAP_BW,PIPE-VEGA-CATEGORY-928,2026-01-07T08:36:40.000Z,2026-01-07T06:57:15.000Z,2026-01-07T08:05:00.000Z,0.0,G,Within Expected
SAP_BW,PIPE-ORION-LOCATION-919,2026-01-07T08:36:40.000Z,2026-01-07T02:07:38.000Z,2026-01-07T02:11:00.000Z,0.0,G,Within Expected
SAP_BW,PIPE-APEX-CAMPAIGN-370,2026-01-07T08:36:40.000Z,2026-01-07T06:57:15.000Z,2026-01-07T06:54:00.000Z,3.0,G,Within Expected
SAP_BW,PIPE-PULSE-PRODUCT-466,2026-01-07T08:36:40.000Z,2026-01-07T06:57:15.000Z,2026-01-07T06:58:00.000Z,0.0,G,Within Expected
SAP_BW,PIPE-CORE-EMPLOYEE-891,2026-01-07T08:36:40.000Z,2026-01-07T06:57:15.000Z,2026-01-07T11:50:00.000Z,0.0,G,Within Expected
SAP_BW,PIPE-TITAN-CATEGORY-085,2026-01-07T08:36:40.000Z,2026-01-07T02:38:48.000Z,2026-01-07T05:23:00.000Z,0.0,G,Within Expected
SAP_BW,PIPE-CORE-CUSTOMER-664,2026-01-07T08:36:40.000Z,2026-01-07T06:21:34.000Z,2026-01-07T08:38:00.000Z,0.0,G,Within Expected
SAP_BW,PIPE-VEGA-HIERARCHY-419,2026-01-07T08:36:40.000Z,2026-01-07T06:29:59.000Z,2026-01-07T10:14:00.000Z,0.0,G,Within Expected
SAP_BW,PIPE-VEGA-CATEGORY-125,2026-01-07T08:36:40.000Z,2026-01-07T04:36:14.000Z,2026-01-07T05:27:00.000Z,0.0,G,Within Expected
SAP_BW,PIPE-APEX-LOCATION-396,2026-01-07T08:36:40.000Z,2026-01-07T06:29:59.000Z,2026-01-07T10:46:00.000Z,0.0,G,Within Expected
SAP_BW,PIPE-PULSE-CONTRACT-578,2026-01-07T08:36:40.000Z,2026-01-07T05:12:30.000Z,2026-01-07T05:26:00.000Z,0.0,G,Within Expected
SAP_BW,PIPE-ORION-CATEGORY-692,2026-01-07T08:36:40.000Z,2026-01-07T04:36:40.000Z,2026-01-07T07:11:00.000Z,0.0,G,Within Expected
SAP_BW,PIPE-NOVA-VENDOR-498,2026-01-07T08:36:40.000Z,2026-01-07T04:38:56.000Z,2026-01-07T04:36:00.000Z,3.0,G,Within Expected
SAP_BW,PIPE-ORION-ATTRIBUTE-396,2026-01-07T08:36:40.000Z,2026-01-07T02:53:43.000Z,2026-01-07T03:54:00.000Z,0.0,G,Within Expected
SAP_BW,PIPE-NEXUS-EMPLOYEE-299,2026-01-07T08:36:40.000Z,2026-01-07T06:29:59.000Z,2026-01-07T10:46:00.000Z,0.0,G,Within Expected
SAP_BW,PIPE-ZENITH-STORE-665,2026-01-07T08:36:40.000Z,2026-01-07T06:52:23.000Z,2026-01-07T10:46:00.000Z,0.0,G,Within Expected
SAP_BW,PIPE-NEXUS-REGION-721,2026-01-07T08:36:40.000Z,2026-01-07T04:36:40.000Z,2026-01-07T07:11:00.000Z,0.0,G,Within Expected
SAP_BW,PIPE-CORE-VENDOR-072,2026-01-07T08:36:40.000Z,2026-01-07T04:36:14.000Z,2026-01-07T07:07:00.000Z,0.0,G,Within Expected
SAP_BW,PIPE-TITAN-CUSTOMER-319,2026-01-07T08:36:40.000Z,2026-01-06T14:13:58.000Z,2026-01-07T10:47:00.000Z,0.0,G,Within Expected
SAP_BW,PIPE-NEXUS-INVENTORY-811,2026-01-07T08:36:40.000Z,2026-01-06T08:04:02.000Z,2026-01-07T08:21:00.000Z,16.0,G,Delayed - To Be Finished
SAP_BW,PIPE-VEGA-SHIPMENT-181,2026-01-07T08:36:40.000Z,2026-01-06T14:13:58.000Z,2026-01-07T10:47:00.000Z,0.0,G,Within Expected
SAP_BW,PIPE-NOVA-CUSTOMER-502,2026-01-07T08:36:40.000Z,2026-01-06T08:25:42.000Z,2026-01-07T08:37:00.000Z,0.0,G,Within Expected
SAP_BW,PIPE-ATLAS-BALANCE-410,2026-01-07T08:36:40.000Z,2026-01-06T10:19:18.000Z,2026-01-07T08:48:00.000Z,0.0,G,Within Expected
SAP_BW,PIPE-ZENITH-SCHEDULE-515,2026-01-07T08:36:40.000Z,2026-01-06T14:04:29.000Z,2026-01-07T15:05:00.000Z,0.0,G,Within Expected
SAP_BW,PIPE-CORE-REGION-796,2026-01-07T08:36:40.000Z,2026-01-06T03:46:23.000Z,2026-01-07T05:03:00.000Z,214.0,G,Delayed - To Be Finished
SAP_BW,PIPE-VEGA-LOCATION-609,2026-01-07T08:36:40.000Z,2026-01-07T00:05:22.000Z,2026-01-07T10:47:00.000Z,0.0,G,Within Expected
SAP_BW,PIPE-APEX-CONTRACT-649,2026-01-07T08:36:40.000Z,2026-01-06T14:13:58.000Z,2026-01-07T10:47:00.000Z,0.0,G,Within Expected
SAP_BW,PIPE-ORION-STORE-311,2026-01-07T08:36:40.000Z,2026-01-06T10:19:18.000Z,2026-01-07T08:48:00.000Z,0.0,G,Within Expected
SAP_BW,PIPE-CORE-HIERARCHY-573,2026-01-07T08:36:40.000Z,2026-01-07T00:05:22.000Z,2026-01-07T10:47:00.000Z,0.0,G,Within Expected
SAP_BW,PIPE-CORE-CHANNEL-254,2026-01-07T08:36:40.000Z,2026-01-07T05:22:35.000Z,2026-01-07T04:37:00.000Z,46.0,G,Within Expected
SAP_BW,PIPE-ORION-HIERARCHY-677,2026-01-07T08:36:40.000Z,2026-01-07T05:06:48.000Z,2026-01-07T04:24:00.000Z,43.0,G,Within Expected
SAP_BW,PIPE-TITAN-CONTRACT-423,2026-01-07T08:36:40.000Z,2026-01-07T06:04:13.000Z,2026-01-07T05:10:00.000Z,54.0,G,Within Expected
SAP_BW,PIPE-ZENITH-EMPLOYEE-404,2026-01-07T08:36:40.000Z,2026-01-07T05:28:02.000Z,2026-01-07T04:40:00.000Z,48.0,G,Within Expected
SAP_BW,PIPE-VEGA-SCHEDULE-964,2026-01-07T08:36:40.000Z,2026-01-07T05:34:35.000Z,2026-01-07T04:47:00.000Z,48.0,G,Within Expected
SAP_BW,PIPE-ORION-STORE-007,2026-01-07T08:36:40.000Z,2026-01-07T06:07:07.000Z,2026-01-07T05:11:00.000Z,56.0,G,Within Expected
SAP_BW,PIPE-ATLAS-CAMPAIGN-095,2026-01-07T08:36:40.000Z,2026-01-07T04:08:03.000Z,2026-01-07T03:00:00.000Z,68.0,G,Within Expected
SAP_BW,PIPE-ORION-CONTRACT-367,2026-01-07T08:36:40.000Z,2026-01-07T06:20:20.000Z,2026-01-07T05:27:00.000Z,53.0,G,Within Expected
SAP_BW,PIPE-NEXUS-PRICING-635,2026-01-07T08:36:40.000Z,2026-01-07T04:44:17.000Z,2026-01-07T03:52:00.000Z,52.0,G,Within Expected
SAP_BW,PIPE-TITAN-ORDER-621,2026-01-07T08:36:40.000Z,2026-01-07T06:12:51.000Z,2026-01-07T06:28:00.000Z,0.0,G,Within Expected
SAP_BW,PIPE-PULSE-SCHEDULE-122,2026-01-07T08:36:40.000Z,2026-01-07T08:43:45.000Z,2026-01-07T09:19:00.000Z,0.0,G,Within Expected
SAP_BW,PIPE-APEX-CAMPAIGN-986,2026-01-07T08:36:40.000Z,2026-01-07T06:42:54.000Z,2026-01-07T06:43:00.000Z,0.0,G,Within Expected
SAP_BW,PIPE-PULSE-ACCOUNT-666,2026-01-07T08:36:40.000Z,2026-01-07T06:50:38.000Z,2026-01-07T06:54:00.000Z,0.0,G,Within Expected
SAP_BW,PIPE-NEXUS-SHIPMENT-279,2026-01-07T08:36:40.000Z,2026-01-07T02:07:14.000Z,2026-01-07T02:11:00.000Z,0.0,G,Within Expected
SAP_BW,PIPE-NOVA-ACCOUNT-116,2026-01-07T08:36:40.000Z,2026-01-07T08:43:45.000Z,2026-01-07T09:58:00.000Z,0.0,G,Within Expected
SAP_BW,PIPE-ORION-ORDER-790,2026-01-07T08:36:40.000Z,2026-01-07T08:43:45.000Z,2026-01-07T09:58:00.000Z,0.0,G,Within Expected
SAP_BW,PIPE-PULSE-VENDOR-341,2026-01-07T08:36:40.000Z,2026-01-07T06:55:26.000Z,2026-01-07T06:18:00.000Z,37.0,G,Within Expected
SAP_BW,PIPE-VEGA-BALANCE-395,2026-01-07T08:36:40.000Z,2026-01-07T08:43:45.000Z,2026-01-07T09:19:00.000Z,0.0,G,Within Expected
SAP_BW,PIPE-NEXUS-ORDER-166,2026-01-07T08:36:40.000Z,2026-01-07T03:56:48.000Z,2026-01-07T03:03:00.000Z,54.0,G,Within Expected
SAP_BW,PIPE-VEGA-LOCATION-644,2026-01-07T08:36:40.000Z,2026-01-07T05:02:45.000Z,2026-01-07T05:02:00.000Z,1.0,G,Within Expected
SAP_BW,PIPE-VEGA-VENDOR-714,2026-01-07T08:36:40.000Z,2026-01-07T05:43:16.000Z,2026-01-07T05:17:00.000Z,26.0,G,Within Expected
SAP_BW,PIPE-VEGA-ATTRIBUTE-646,2026-01-07T08:36:40.000Z,2026-01-07T05:43:16.000Z,2026-01-07T05:17:00.000Z,26.0,G,Within Expected
SAP_BW,PIPE-NEXUS-CUSTOMER-350,2026-01-07T08:36:40.000Z,2026-01-07T05:48:31.000Z,2026-01-07T05:37:00.000Z,12.0,G,Within Expected
SAP_BW,PIPE-VEGA-VENDOR-772,2026-01-07T08:36:40.000Z,2026-01-07T08:02:58.000Z,2026-01-07T10:19:00.000Z,0.0,G,Within Expected
SAP_BW,PIPE-ORION-ACCOUNT-441,2026-01-07T08:36:40.000Z,2026-01-06T17:26:01.000Z,2026-01-07T10:47:00.000Z,0.0,G,Within Expected
SAP_BW,PIPE-PULSE-TRANSACTION-256,2026-01-07T08:36:40.000Z,2026-01-07T04:59:32.000Z,2026-01-07T05:17:00.000Z,0.0,G,Within Expected
SAP_BW,PIPE-NOVA-STORE-374,2026-01-07T08:36:40.000Z,2026-01-07T04:59:32.000Z,2026-01-07T05:17:00.000Z,0.0,G,Within Expected
SAP_BW,PIPE-ZENITH-STORE-855,2026-01-07T08:36:40.000Z,2026-01-07T04:22:45.000Z,2026-01-07T04:28:00.000Z,0.0,G,Within Expected
SAP_BW,PIPE-APEX-PRICING-103,2026-01-07T08:36:40.000Z,2026-01-07T07:19:43.000Z,2026-01-07T06:57:00.000Z,23.0,G,Within Expected
SAP_BW,PIPE-CORE-LOCATION-890,2026-01-07T08:36:40.000Z,2026-01-07T07:19:43.000Z,2026-01-07T06:57:00.000Z,23.0,G,Within Expected
SAP_BW,PIPE-ORION-CUSTOMER-440,2026-01-07T08:36:40.000Z,2026-01-06T03:48:22.000Z,2026-01-07T05:18:00.000Z,199.0,G,Delayed - To Be Finished
SAP_BW,PIPE-VEGA-BALANCE-331,2026-01-07T08:36:40.000Z,2026-01-06T03:50:00.000Z,2026-01-07T05:22:00.000Z,195.0,G,Delayed - To Be Finished
SAP_BW,PIPE-PULSE-HIERARCHY-159,2026-01-07T08:36:40.000Z,2026-01-06T12:41:03.000Z,2026-01-07T12:43:00.000Z,0.0,G,Within Expected
SAP_BW,PIPE-NOVA-SCHEDULE-788,2026-01-07T08:36:40.000Z,2026-01-06T12:41:03.000Z,2026-01-07T12:43:00.000Z,0.0,G,Within Expected
SAP_BW,PIPE-TITAN-PRODUCT-116,2026-01-07T08:36:40.000Z,2026-01-07T03:12:21.000Z,2026-01-07T02:13:00.000Z,59.0,G,Within Expected
SAP_BW,PIPE-ORION-SHIPMENT-964,2026-01-07T08:36:40.000Z,2026-01-07T03:23:25.000Z,2026-01-07T02:27:00.000Z,56.0,G,Within Expected
SAP_BW,PIPE-CORE-METRIC-495,2026-01-07T08:36:40.000Z,2026-01-07T03:26:47.000Z,2026-01-07T02:32:00.000Z,55.0,G,Within Expected
SAP_BW,PIPE-CORE-FORECAST-861,2026-01-07T08:36:40.000Z,2026-01-07T05:10:00.000Z,2026-01-07T04:12:00.000Z,58.0,G,Within Expected
SAP_BW,PIPE-ORION-CATEGORY-432,2026-01-07T08:36:40.000Z,2026-01-07T05:38:21.000Z,2026-01-07T04:40:00.000Z,58.0,G,Within Expected
SAP_BW,PIPE-NEXUS-SCHEDULE-534,2026-01-07T08:36:40.000Z,2026-01-07T04:59:59.000Z,2026-01-07T05:30:00.000Z,0.0,G,Within Expected
SAP_BW,PIPE-NEXUS-SCHEDULE-808,2026-01-07T08:36:40.000Z,2026-01-07T04:59:59.000Z,2026-01-07T05:30:00.000Z,0.0,G,Within Expected
SAP_BW,PIPE-ORION-SEGMENT-535,2026-01-07T08:36:40.000Z,2026-01-07T05:10:45.000Z,2026-01-07T06:27:00.000Z,0.0,G,Within Expected
SAP_BW,PIPE-NEXUS-LOCATION-951,2026-01-07T08:36:40.000Z,2026-01-07T06:05:39.000Z,2026-01-07T07:26:00.000Z,0.0,G,Within Expected
SAP_BW,PIPE-CORE-CATEGORY-594,2026-01-07T08:36:40.000Z,2026-01-07T06:05:39.000Z,2026-01-07T07:26:00.000Z,0.0,G,Within Expected
SAP_BW,PIPE-NOVA-TRANSACTION-060,2026-01-07T08:36:40.000Z,2026-01-07T04:13:27.000Z,2026-01-07T04:20:00.000Z,0.0,G,Within Expected
SAP_BW,PIPE-ZENITH-LOCATION-563,2026-01-07T08:36:40.000Z,2026-01-07T07:28:59.000Z,2026-01-07T14:20:00.000Z,0.0,G,Within Expected
SAP_BW,PIPE-VEGA-EMPLOYEE-435,2026-01-07T08:36:40.000Z,2026-01-07T07:28:59.000Z,2026-01-07T14:20:00.000Z,0.0,G,Within Expected
SAP_BW,PIPE-NOVA-STORE-353,2026-01-07T08:36:40.000Z,2026-01-07T07:28:59.000Z,2026-01-07T14:20:00.000Z,0.0,G,Within Expected
SAP_BW,PIPE-VEGA-BALANCE-896,2026-01-07T08:36:40.000Z,2026-01-07T07:28:59.000Z,2026-01-07T14:02:00.000Z,0.0,G,Within Expected
SAP_BW,PIPE-ATLAS-FORECAST-069,2026-01-07T08:36:40.000Z,2026-01-07T07:28:59.000Z,2026-01-07T14:20:00.000Z,0.0,G,Within Expected
SAP_BW,PIPE-VEGA-HIERARCHY-635,2026-01-07T08:36:40.000Z,2026-01-07T04:19:26.000Z,2026-01-07T04:24:00.000Z,0.0,G,Within Expected
SAP_BW,PIPE-ORION-PRICING-563,2026-01-07T08:36:40.000Z,2026-01-07T05:12:30.000Z,2026-01-07T05:26:00.000Z,0.0,G,Within Expected
SAP_BW,PIPE-ATLAS-ATTRIBUTE-799,2026-01-07T08:36:40.000Z,2026-01-07T05:12:30.000Z,2026-01-07T05:26:00.000Z,0.0,G,Within Expected
SAP_BW,PIPE-PULSE-STORE-643,2026-01-07T08:36:40.000Z,2026-01-07T05:12:30.000Z,2026-01-07T05:26:00.000Z,0.0,G,Within Expected
SAP_BW,PIPE-NOVA-PRICING-129,2026-01-07T08:36:40.000Z,2026-01-07T05:12:30.000Z,2026-01-07T05:26:00.000Z,0.0,G,Within Expected
SAP_BW,PIPE-ZENITH-VENDOR-210,2026-01-07T08:36:40.000Z,2026-01-07T05:12:30.000Z,2026-01-07T05:26:00.000Z,0.0,G,Within Expected
SAP_BW,PIPE-ORION-CHANNEL-788,2026-01-07T08:36:40.000Z,2026-01-07T04:55:06.000Z,2026-01-07T05:07:00.000Z,0.0,G,Within Expected
SAP_BW,PIPE-NEXUS-ATTRIBUTE-371,2026-01-07T08:36:40.000Z,2026-01-06T07:49:33.000Z,2026-01-07T07:09:00.000Z,88.0,G,Delayed - To Be Finished
SAP_BW,PIPE-APEX-ORDER-187,2026-01-07T08:36:40.000Z,2026-01-07T00:29:49.000Z,2026-01-07T08:37:00.000Z,0.0,G,Within Expected
SAP_BW,PIPE-ATLAS-BALANCE-446,2026-01-07T08:36:40.000Z,2026-01-07T00:29:49.000Z,2026-01-07T08:37:00.000Z,0.0,G,Within Expected
SAP_BW,PIPE-TITAN-LOCATION-677,2026-01-07T08:36:40.000Z,2026-01-07T00:29:49.000Z,2026-01-07T08:37:00.000Z,0.0,G,Within Expected
SAP_BW,PIPE-TITAN-CAMPAIGN-297,2026-01-07T08:36:40.000Z,2026-01-06T03:59:53.000Z,2026-01-07T04:55:00.000Z,222.0,G,Delayed - To Be Finished
SAP_BW,PIPE-TITAN-SCHEDULE-654,2026-01-07T08:36:40.000Z,2026-01-07T00:29:49.000Z,2026-01-07T08:37:00.000Z,0.0,G,Within Expected
SAP_BW,PIPE-VEGA-EMPLOYEE-541,2026-01-07T08:36:40.000Z,2026-01-07T00:29:49.000Z,2026-01-07T08:37:00.000Z,0.0,G,Within Expected
SAP_BW,PIPE-TITAN-SEGMENT-126,2026-01-07T08:36:40.000Z,2026-01-06T21:29:10.000Z,2026-01-07T22:32:00.000Z,0.0,G,Within Expected
SAP_BW,PIPE-NOVA-CAMPAIGN-975,2026-01-07T08:36:40.000Z,2026-01-06T01:51:56.000Z,2026-01-07T22:04:00.000Z,0.0,G,Within Expected
SAP_BW,PIPE-ORION-PRICING-014,2026-01-07T08:36:40.000Z,2026-01-06T22:15:44.000Z,2026-01-07T21:10:00.000Z,0.0,G,Within Expected
SAP_BW,PIPE-PULSE-ORDER-809,2026-01-07T08:36:40.000Z,2026-01-06T22:17:36.000Z,2026-01-07T21:12:00.000Z,0.0,G,Within Expected
SAP_BW,PIPE-ZENITH-SCHEDULE-943,2026-01-07T08:36:40.000Z,2026-01-06T22:25:16.000Z,2026-01-07T21:13:00.000Z,0.0,G,Within Expected
SAP_BW,PIPE-NOVA-CUSTOMER-302,2026-01-07T08:36:40.000Z,2026-01-06T22:15:56.000Z,2026-01-07T21:10:00.000Z,0.0,G,Within Expected
SAP_BW,PIPE-NOVA-PRODUCT-867,2026-01-07T08:36:40.000Z,2026-01-06T22:19:12.000Z,2026-01-07T21:17:00.000Z,0.0,G,Within Expected
SAP_BW,PIPE-ATLAS-REGION-286,2026-01-07T08:36:40.000Z,2026-01-07T06:50:38.000Z,2026-01-07T06:39:00.000Z,12.0,G,Within Expected
SAP_BW,PIPE-ATLAS-TRANSACTION-469,2026-01-07T08:36:40.000Z,2026-01-07T06:42:54.000Z,2026-01-07T06:53:00.000Z,0.0,G,Within Expected
SAP_BW,PIPE-NEXUS-INVENTORY-219,2026-01-07T08:36:40.000Z,2026-01-07T06:42:54.000Z,2026-01-07T06:53:00.000Z,0.0,G,Within Expected
SAP_BW,PIPE-CORE-CHANNEL-472,2026-01-07T08:36:40.000Z,2026-01-07T06:42:54.000Z,2026-01-07T06:53:00.000Z,0.0,G,Within Expected
SAP_BW,PIPE-ORION-REGION-266,2026-01-07T08:36:40.000Z,2026-01-07T06:42:54.000Z,2026-01-07T06:53:00.000Z,0.0,G,Within Expected
SAP_BW,PIPE-ORION-PRODUCT-845,2026-01-07T08:36:40.000Z,2026-01-07T06:42:54.000Z,2026-01-07T06:53:00.000Z,0.0,G,Within Expected
SAP_BW,PIPE-PULSE-METRIC-214,2026-01-07T08:36:40.000Z,2026-01-07T01:13:11.000Z,2026-01-07T01:18:00.000Z,0.0,G,Within Expected
SAP_BW,PIPE-CORE-SCHEDULE-246,2026-01-07T08:36:40.000Z,2026-01-07T05:36:43.000Z,2026-01-07T04:45:00.000Z,52.0,G,Within Expected
SAP_BW,PIPE-ORION-CHANNEL-905,2026-01-07T08:36:40.000Z,2026-01-07T04:12:42.000Z,2026-01-07T04:50:00.000Z,0.0,G,Within Expected
SAP_BW,PIPE-PULSE-CHANNEL-534,2026-01-07T08:36:40.000Z,2026-01-06T07:49:33.000Z,2026-01-07T07:09:00.000Z,88.0,G,Delayed - To Be Finished
SAP_BW,PIPE-APEX-SCHEDULE-207,2026-01-07T08:36:40.000Z,2026-01-06T23:38:30.000Z,2026-01-07T22:50:00.000Z,0.0,G,Within Expected
SAP_BW,PIPE-NOVA-CUSTOMER-767,2026-01-07T08:36:40.000Z,2026-01-07T04:12:42.000Z,2026-01-07T04:50:00.000Z,0.0,G,Within Expected
SAP_BW,PIPE-NOVA-ORDER-058,2026-01-07T08:36:40.000Z,2026-01-06T07:49:33.000Z,2026-01-07T07:09:00.000Z,88.0,G,Delayed - To Be Finished
SAP_BW,PIPE-ATLAS-ATTRIBUTE-466,2026-01-07T08:36:40.000Z,2026-01-07T06:42:54.000Z,2026-01-07T06:53:00.000Z,0.0,G,Within Expected
SAP_BW,PIPE-ATLAS-STORE-790,2026-01-07T08:36:40.000Z,2026-01-07T00:48:51.000Z,2026-01-07T22:39:00.000Z,0.0,G,Within Expected
SAP_BW,PIPE-TITAN-REGION-783,2026-01-07T08:36:40.000Z,2026-01-07T05:12:30.000Z,2026-01-07T05:26:00.000Z,0.0,G,Within Expected
SAP_BW,PIPE-VEGA-CHANNEL-384,2026-01-07T08:36:40.000Z,2026-01-07T00:29:49.000Z,2026-01-07T08:37:00.000Z,0.0,G,Within Expected
SAP_BW,PIPE-NEXUS-HIERARCHY-137,2026-01-07T08:36:40.000Z,2026-01-07T06:42:54.000Z,2026-01-07T06:53:00.000Z,0.0,G,Within Expected
SAP_BW,PIPE-NOVA-INVENTORY-138,2026-01-07T08:36:40.000Z,2026-01-07T00:52:28.000Z,2026-01-07T02:43:00.000Z,0.0,G,Within Expected
SAP_BW,PIPE-ZENITH-EMPLOYEE-316,2026-01-07T08:36:40.000Z,2026-01-07T05:12:30.000Z,2026-01-07T05:26:00.000Z,0.0,G,Within Expected
SAP_BW,PIPE-NOVA-CHANNEL-204,2026-01-07T08:36:40.000Z,2026-01-07T00:29:49.000Z,2026-01-07T08:37:00.000Z,0.0,G,Within Expected
SAP_BW,PIPE-APEX-SEGMENT-912,2026-01-07T08:36:40.000Z,2026-01-07T06:42:54.000Z,2026-01-07T06:53:00.000Z,0.0,G,Within Expected
SAP_BW,PIPE-ORION-STORE-324,2026-01-07T08:36:40.000Z,2026-01-07T00:40:45.000Z,2026-01-07T22:38:00.000Z,0.0,G,Within Expected
SAP_BW,PIPE-APEX-SHIPMENT-630,2026-01-07T08:36:40.000Z,2026-01-07T05:12:30.000Z,2026-01-07T05:26:00.000Z,0.0,G,Within Expected
SAP_BW,PIPE-NOVA-SEGMENT-929,2026-01-07T08:36:40.000Z,2026-01-07T00:29:49.000Z,2026-01-07T08:37:00.000Z,0.0,G,Within Expected
SAP_BW,PIPE-NEXUS-STORE-645,2026-01-07T08:36:40.000Z,2026-01-07T06:42:54.000Z,2026-01-07T06:53:00.000Z,0.0,G,Within Expected
SAP_BW,PIPE-ATLAS-ACCOUNT-167,2026-01-07T08:36:40.000Z,2026-01-07T00:40:47.000Z,2026-01-07T22:38:00.000Z,0.0,G,Within Expected
SAP_BW,PIPE-NEXUS-ORDER-073,2026-01-07T08:36:40.000Z,2026-01-07T05:12:30.000Z,2026-01-07T05:26:00.000Z,0.0,G,Within Expected
SAP_BW,PIPE-APEX-METRIC-014,2026-01-07T08:36:40.000Z,2026-01-07T00:29:49.000Z,2026-01-07T08:37:00.000Z,0.0,G,Within Expected
SAP_BW,PIPE-NOVA-SCHEDULE-401,2026-01-07T08:36:40.000Z,2026-01-07T06:42:54.000Z,2026-01-07T06:53:00.000Z,0.0,G,Within Expected
SAP_BW,PIPE-NOVA-EMPLOYEE-329,2026-01-07T08:36:40.000Z,2026-01-06T03:11:19.000Z,2026-01-07T22:15:00.000Z,0.0,G,Within Expected
SAP_BW,PIPE-NEXUS-BALANCE-159,2026-01-07T08:36:40.000Z,2026-01-07T05:12:30.000Z,2026-01-07T05:26:00.000Z,0.0,G,Within Expected
SAP_BW,PIPE-ORION-INVENTORY-772,2026-01-07T08:36:40.000Z,2026-01-07T00:29:49.000Z,2026-01-07T08:37:00.000Z,0.0,G,Within Expected
EDLAP,PIPE-CORE-PRICING-692,2025-12-18T13:01:45.000Z,2025-12-18T12:09:54.744Z,null,0.0,Succeeded,Within Expected
EDLAP,PIPE-ATLAS-STORE-484,2026-01-07T12:01:41.000Z,2026-01-07T03:33:06.893Z,null,0.0,Failed,Within Expected
EDLAP,PIPE-ORION-ATTRIBUTE-996,2026-01-07T12:01:41.000Z,2026-01-06T08:01:48.885Z,null,0.0,Failed,Within Expected
EDLAP,PIPE-ORION-CAMPAIGN-588,2025-12-18T13:01:45.000Z,2025-12-18T09:02:11.636Z,null,0.0,Failed,Within Expected
EDLAP,PIPE-ATLAS-SCHEDULE-512,2025-12-25T10:01:38.000Z,2025-12-14T05:11:40.931Z,2025-12-25T05:11:00.000Z,291.0,Succeeded,Delayed - To Be Finished
EDLAP,PIPE-ATLAS-CUSTOMER-705,2025-12-25T10:01:38.000Z,2025-12-14T07:09:17.698Z,2025-12-25T07:09:00.000Z,173.0,Succeeded,Delayed - To Be Finished
EDLAP,PIPE-NOVA-LOCATION-856,2025-12-25T10:01:38.000Z,2025-12-14T07:07:49.877Z,null,0.0,Failed,Within Expected
EDLAP,PIPE-ORION-STORE-397,2025-12-25T10:01:38.000Z,2025-12-14T06:15:49.201Z,2025-12-25T06:15:00.000Z,227.0,Succeeded,Delayed - To Be Finished
EDLAP,SAPBW_pe31tv096_location_data_899,2026-01-07T12:01:41.000Z,2026-01-07T02:47:10.363Z,null,0.0,Succeeded,Within Expected
EDLAP,SAPBW_pe21dv557_order_data_799,2026-01-07T12:01:41.000Z,2026-01-07T02:47:08.390Z,null,0.0,Succeeded,Within Expected
EDLAP,SAPBW_pe1vn319_customer_data_699,2026-01-07T12:01:41.000Z,2026-01-07T02:40:25.287Z,null,0.0,Succeeded,Within Expected
EDLAP,SAPBW_pe21vg651_pricing_data_299,2026-01-07T12:01:41.000Z,2026-01-07T11:21:29.826Z,null,0.0,Succeeded,Within Expected
EDLAP,SAPBW_pe11pp169_forecast_data_199,2026-01-07T12:01:41.000Z,2026-01-07T11:13:24.762Z,null,0.0,Succeeded,Within Expected
EDLAP,SAPBW_pe1cy722_metric_data_799,2026-01-07T12:01:41.000Z,2026-01-07T11:15:43.511Z,null,0.0,Succeeded,Within Expected
EDLAP,SAPBW_pe1mq294_attribute_data_799,2026-01-07T12:01:41.000Z,2026-01-06T14:34:49.564Z,null,0.0,Succeeded,Within Expected
EDLAP,SAPBW_pe21lr144_forecast_data_399,2025-12-28T10:01:32.000Z,2025-12-17T14:05:29.497Z,null,0.0,Succeeded,Within Expected
EDLAP,SAPBW_pe21wi933_schedule_data_299,2025-12-27T10:01:29.000Z,2025-12-16T22:59:00.977Z,null,0.0,Succeeded,Within Expected
EDLAP,SAPBW_pe21gd410_employee_data_799,2025-12-29T10:01:39.000Z,2025-12-18T11:20:59.220Z,null,0.0,Succeeded,Within Expected
EDLAP,SAPBW_pe11zx897_vendor_data_399,2026-01-07T12:01:41.000Z,2026-01-07T05:25:03.810Z,null,0.0,Succeeded,Within Expected
EDLAP,SAPBW_pe31zm840_employee_data_899,2026-01-07T12:01:41.000Z,2026-01-07T04:38:05.132Z,null,0.0,Succeeded,Within Expected
EDLAP,SAPBW_pe11fj048_hierarchy_data_899,2026-01-07T12:01:41.000Z,2026-01-07T01:39:14.214Z,null,0.0,Succeeded,Within Expected
EDLAP,SAPBW_pe21nw487_employee_data_699,2026-01-07T12:01:41.000Z,2026-01-07T10:59:00.842Z,null,0.0,Succeeded,Within Expected
EDLAP,SAPBW_pe1ko150_channel_data_899,2026-01-07T12:01:41.000Z,2026-01-06T20:47:05.508Z,null,0.0,Succeeded,Within Expected
EDLAP,SAPBW_pe21vq610_schedule_data_699,2026-01-07T12:01:41.000Z,2026-01-07T04:27:41.403Z,null,0.0,Succeeded,Within Expected
EDLAP,SAPBW_pe21tf550_order_data_699,2026-01-07T12:01:41.000Z,2026-01-07T01:43:31.832Z,null,0.0,Succeeded,Within Expected
EDLAP,SAPBW_pe31nd819_forecast_data_399,2026-01-07T12:01:41.000Z,2026-01-07T04:27:30.820Z,null,0.0,Succeeded,Within Expected
EDLAP,SAPBW_pe31zt238_campaign_data_899,2026-01-07T12:01:41.000Z,2026-01-07T04:50:13.893Z,null,0.0,Succeeded,Within Expected
EDLAP,SAPBW_pe21ma314_pricing_data_199,2026-01-07T12:01:41.000Z,2026-01-07T03:36:26.537Z,null,0.0,Succeeded,Within Expected
EDLAP,SAPBW_pe31gr952_region_data_899,2026-01-07T12:01:41.000Z,2026-01-07T09:17:03.552Z,null,0.0,Succeeded,Within Expected
EDLAP,SAPBW_pe11ns738_customer_data_199,2026-01-07T12:01:41.000Z,2026-01-06T18:24:18.706Z,null,0.0,Succeeded,Within Expected
EDLAP,SAPBW_pe1el442_channel_data_899,2026-01-07T12:01:41.000Z,2026-01-06T21:26:49.844Z,null,0.0,Succeeded,Within Expected
EDLAP,SAPBW_pe1sn594_employee_data_699,2026-01-07T12:01:41.000Z,2026-01-06T16:27:11.342Z,null,0.0,Succeeded,Within Expected
EDLAP,SAPBW_pe11ln568_attribute_data_599,2026-01-07T12:01:41.000Z,2026-01-07T11:50:20.493Z,null,0.0,Succeeded,Within Expected
EDLAP,SAPBW_pe31eg529_pricing_data_599,2026-01-07T12:01:41.000Z,2026-01-07T00:08:24.828Z,null,0.0,Succeeded,Within Expected
EDLAP,SAPBW_pe11rm459_balance_data_599,2026-01-07T12:01:41.000Z,2026-01-07T00:38:54.057Z,null,0.0,Succeeded,Within Expected
EDLAP,SAPBW_pe21dr398_order_data_599,2026-01-07T12:01:41.000Z,2026-01-07T07:19:57.125Z,null,0.0,Succeeded,Within Expected
EDLAP,SAPBW_pe1hs342_category_data_499,2026-01-07T12:01:41.000Z,2026-01-07T03:26:21.847Z,null,0.0,Succeeded,Within Expected
EDLAP,SAPBW_pe11vh521_balance_data_499,2026-01-07T12:01:41.000Z,2026-01-07T04:54:40.762Z,null,0.0,Succeeded,Within Expected
EDLAP,SAPBW_pe11bx221_forecast_data_899,2026-01-07T12:01:41.000Z,2026-01-07T09:57:13.392Z,null,0.0,Succeeded,Within Expected
EDLAP,SAPBW_pe1rd991_hierarchy_data_899,2026-01-07T12:01:41.000Z,2026-01-06T18:23:36.264Z,null,0.0,Succeeded,Within Expected
EDLAP,SAPBW_pe31qt220_store_data_499,2026-01-07T12:01:41.000Z,2026-01-07T00:59:01.277Z,null,0.0,Succeeded,Within Expected
EDLAP,SAPBW_pe1xe819_employee_data_899,2026-01-07T12:01:41.000Z,2026-01-06T19:57:54.558Z,null,0.0,Succeeded,Within Expected
EDLAP,SAPBW_pe11yz980_metric_data_299,2026-01-07T12:01:41.000Z,2026-01-07T05:06:46.844Z,null,0.0,Succeeded,Within Expected
EDLAP,SAPBW_pe21hz549_channel_data_899,2026-01-07T12:01:41.000Z,2026-01-03T15:44:02.522Z,null,0.0,Succeeded,Within Expected
EDLAP,SAPBW_pe21fc142_shipment_data_199,2026-01-07T12:01:41.000Z,2026-01-07T05:31:24.985Z,null,0.0,Succeeded,Within Expected
EDLAP,SAPBW_pe21uo718_employee_data_799,2026-01-07T12:01:41.000Z,2026-01-06T20:58:14.771Z,null,0.0,Succeeded,Within Expected
EDLAP,SAPBW_pe21cr113_customer_data_199,2026-01-07T12:01:41.000Z,2026-01-06T20:40:12.769Z,null,0.0,Succeeded,Within Expected
EDLAP,SAPBW_pe21jl235_metric_data_199,2026-01-07T12:01:41.000Z,2026-01-01T01:39:25.004Z,null,0.0,Succeeded,Within Expected
EDLAP,SAPBW_pe21qs013_employee_data_599,2026-01-07T12:01:41.000Z,2026-01-06T21:27:37.594Z,null,0.0,Succeeded,Within Expected
EDLAP,SAPBW_pe1qy329_category_data_399,2026-01-07T12:01:41.000Z,2026-01-06T19:52:27.471Z,null,0.0,Succeeded,Within Expected
EDLAP,SAPBW_pe31tp454_campaign_data_499,2026-01-07T12:01:41.000Z,2026-01-07T00:21:32.878Z,null,0.0,Succeeded,Within Expected
EDLAP,SAPBW_pe11rp755_schedule_data_299,2026-01-07T12:01:41.000Z,2026-01-07T00:55:04.699Z,null,0.0,Succeeded,Within Expected
EDLAP,SAPBW_pe1bo551_forecast_data_899,2026-01-07T12:01:41.000Z,2026-01-07T10:59:21.330Z,null,0.0,Succeeded,Within Expected
EDLAP,SAPBW_pe1rs484_region_data_899,2026-01-07T12:01:41.000Z,2026-01-07T00:16:29.543Z,null,0.0,Succeeded,Within Expected
EDLAP,SAPBW_pe11nl048_balance_data_199,2026-01-07T12:01:41.000Z,2026-01-07T02:16:37.862Z,null,null,Succeeded,Not Applicable
EDLAP,SAPBW_pe31ga204_transaction_data_299,2026-01-07T12:01:41.000Z,2026-01-06T21:42:12.773Z,null,0.0,Succeeded,Within Expected
EDLAP,SAPBW_pe1yb904_order_data_799,2026-01-07T12:01:41.000Z,2026-01-07T06:45:05.590Z,null,0.0,Succeeded,Within Expected
EDLAP,SAPBW_pe21zj893_attribute_data_399,2026-01-07T12:01:41.000Z,2026-01-07T11:27:33.794Z,null,0.0,Succeeded,Within Expected
EDLAP,SAPBW_pe21dz319_account_data_199,2026-01-07T12:01:41.000Z,2026-01-07T10:34:23.507Z,null,0.0,Succeeded,Within Expected
EDLAP,SAPBW_pe21ms432_location_data_699,2026-01-07T12:01:41.000Z,2026-01-07T10:38:20.633Z,null,0.0,Succeeded,Within Expected
EDLAP,SAPBW_pe11hy718_contract_data_199,2026-01-07T12:01:41.000Z,2026-01-07T11:14:52.057Z,null,0.0,Succeeded,Within Expected
EDLAP,SAPBW_pe11fc057_region_data_499,2026-01-07T12:01:41.000Z,2026-01-07T10:27:51.075Z,null,0.0,Succeeded,Within Expected
EDLAP,SAPBW_pe1kg280_channel_data_599,2026-01-07T12:01:41.000Z,2026-01-07T11:01:10.079Z,null,0.0,Succeeded,Within Expected
EDLAP,SAPBW_pe11vt356_forecast_data_499,2025-12-18T13:01:45.000Z,2025-12-18T13:00:00.962Z,null,0.0,Succeeded,Within Expected
EDLAP,SAPBW_pe21wz542_campaign_data_399,2026-01-07T12:01:41.000Z,2026-01-06T21:45:48.450Z,null,0.0,Succeeded,Within Expected
EDLAP,SAPBW_pe31ob363_channel_data_699,2026-01-07T12:01:41.000Z,2026-01-07T05:35:38.827Z,null,0.0,Succeeded,Within Expected
EDLAP,SAPBW_pe31kh152_customer_data_599,2026-01-07T12:01:41.000Z,2026-01-04T23:26:22.666Z,null,0.0,Succeeded,Within Expected
EDLAP,SAPBW_pe11ux595_order_data_799,2026-01-07T12:01:41.000Z,2026-01-06T13:39:12.091Z,null,0.0,Succeeded,Within Expected
EDLAP,SAPBW_pe11gi043_campaign_data_499,2026-01-07T12:01:41.000Z,2026-01-06T23:46:26.642Z,null,0.0,Succeeded,Within Expected
EDLAP,SAPBW_pe1gr681_metric_data_499,2026-01-07T12:01:41.000Z,2026-01-07T08:45:26.458Z,null,0.0,Succeeded,Within Expected
EDLAP,SAPBW_pe31fx392_vendor_data_299,2026-01-07T12:01:41.000Z,2026-01-05T04:41:09.027Z,null,0.0,Succeeded,Within Expected
EDLAP,SAPBW_pe31xs732_forecast_data_599,2026-01-07T12:01:41.000Z,2026-01-07T06:54:01.624Z,null,0.0,Succeeded,Within Expected
EDLAP,SAPBW_pe31mq338_location_data_299,2026-01-07T12:01:41.000Z,2026-01-05T13:39:56.748Z,null,0.0,Succeeded,Within Expected
EDLAP,SAPBW_pe31ti230_customer_data_399,2026-01-07T12:01:41.000Z,2026-01-04T01:03:56.348Z,null,0.0,Succeeded,Within Expected
EDLAP,SAPBW_pe1gy541_forecast_data_499,2026-01-07T12:01:41.000Z,2026-01-06T20:36:08.137Z,null,0.0,Succeeded,Within Expected
EDLAP,SAPBW_pe31og593_category_data_899,2026-01-07T12:01:41.000Z,2026-01-06T18:42:05.684Z,null,0.0,Succeeded,Within Expected
EDLAP,SAPBW_pe31eu174_campaign_data_199,2026-01-07T12:01:41.000Z,2026-01-03T18:33:06.250Z,null,0.0,Succeeded,Within Expected
EDLAP,SAPBW_pe1vb800_order_data_499,2026-01-07T12:01:41.000Z,2026-01-03T11:40:29.723Z,null,0.0,Succeeded,Within Expected
EDLAP,SAPBW_pe1sa536_attribute_data_899,2026-01-07T12:01:41.000Z,2026-01-06T18:12:39.186Z,null,0.0,Succeeded,Within Expected
EDLAP,SAPBW_pe31an407_campaign_data_599,2026-01-07T12:01:41.000Z,2026-01-07T03:15:05.470Z,null,0.0,Succeeded,Within Expected
EDLAP,SAPBW_pe1ns491_product_data_399,2026-01-07T12:01:41.000Z,2026-01-04T07:36:44.762Z,null,0.0,Succeeded,Within Expected
EDLAP,SAPBW_pe11en823_schedule_data_799,2026-01-07T12:01:41.000Z,2026-01-06T23:32:41.016Z,null,0.0,Succeeded,Within Expected
EDLAP,SAPBW_pe31oz268_hierarchy_data_199,2026-01-07T12:01:41.000Z,2026-01-06T13:26:21.701Z,null,0.0,Succeeded,Within Expected
EDLAP,SAPBW_pe1kj467_store_data_899,2026-01-07T12:01:41.000Z,2026-01-05T08:43:47.019Z,null,0.0,Succeeded,Within Expected
EDLAP,SAPBW_pe31qi998_region_data_499,2026-01-07T12:01:41.000Z,2026-01-07T08:26:35.093Z,null,0.0,Succeeded,Within Expected
EDLAP,SAPBW_pe11xr529_attribute_data_599,2026-01-07T12:01:41.000Z,2026-01-07T01:41:23.875Z,null,0.0,Succeeded,Within Expected
EDLAP,SAPBW_pe1ew021_transaction_data_799,2026-01-07T12:01:41.000Z,2026-01-07T00:47:50.631Z,null,0.0,Succeeded,Within Expected
EDLAP,SAPBW_pe1ho586_campaign_data_699,2026-01-07T12:01:41.000Z,2026-01-06T23:21:43.436Z,null,0.0,Succeeded,Within Expected
EDLAP,SAPBW_pe31td975_schedule_data_199,2026-01-07T12:01:41.000Z,2026-01-07T04:27:52.358Z,null,0.0,Succeeded,Within Expected
EDLAP,SAPBW_pe1lv379_employee_data_699,2026-01-07T12:01:41.000Z,2026-01-07T08:40:25.332Z,null,0.0,Succeeded,Within Expected
EDLAP,SAPBW_pe1qu425_employee_data_799,2026-01-07T12:01:41.000Z,2026-01-06T21:02:39.805Z,null,0.0,Succeeded,Within Expected
EDLAP,SAPBW_pe11rr067_transaction_data_299,2026-01-07T12:01:41.000Z,2026-01-06T22:26:05.241Z,null,0.0,Succeeded,Within Expected
EDLAP,SAPBW_pe1gj713_schedule_data_299,2026-01-07T12:01:41.000Z,2026-01-06T23:11:47.862Z,null,0.0,Succeeded,Within Expected
EDLAP,SAPBW_pe1ai321_shipment_data_799,2026-01-07T12:01:41.000Z,2026-01-06T22:44:53.796Z,null,0.0,Succeeded,Within Expected
EDLAP,SAPBW_pe31on105_segment_data_699,2026-01-07T12:01:41.000Z,2026-01-06T22:37:10.532Z,null,0.0,Succeeded,Within Expected
EDLAP,SAPBW_pe31ak775_customer_data_399,2026-01-07T12:01:41.000Z,2026-01-06T22:51:31.184Z,null,0.0,Succeeded,Within Expected
EDLAP,SAPBW_pe31eg211_inventory_data_799,2026-01-07T12:01:41.000Z,2026-01-03T18:44:10.811Z,null,0.0,Succeeded,Within Expected
EDLAP,SAPBW_pe21mb226_segment_data_499,2026-01-07T12:01:41.000Z,2026-01-07T04:18:27.540Z,null,0.0,Succeeded,Within Expected
EDLAP,SAPBW_pe31ch936_forecast_data_899,2026-01-07T12:01:41.000Z,2026-01-07T02:31:00.753Z,null,0.0,Succeeded,Within Expected
EDLAP,SAPBW_pe21lv653_segment_data_499,2026-01-07T12:01:41.000Z,2026-01-07T01:30:46.796Z,null,0.0,Succeeded,Within Expected
EDLAP,SAPBW_pe31iz926_category_data_499,2026-01-07T12:01:41.000Z,2026-01-07T01:42:52.288Z,null,0.0,Succeeded,Within Expected
EDLAP,SAPBW_pe21jv315_metric_data_399,2026-01-07T12:01:41.000Z,2026-01-06T19:16:39.359Z,null,0.0,Succeeded,Within Expected
EDLAP,SAPBW_pe1ym742_transaction_data_299,2026-01-07T12:01:41.000Z,2026-01-06T19:35:34.679Z,null,0.0,Succeeded,Within Expected
EDLAP,SAPBW_pe31rd321_contract_data_799,2026-01-07T12:01:41.000Z,2026-01-06T16:36:02.603Z,null,0.0,Succeeded,Within Expected
EDLAP,SAPBW_pe1lp559_transaction_data_799,2026-01-07T12:01:41.000Z,2026-01-07T01:26:16.744Z,null,0.0,Succeeded,Within Expected
EDLAP,SAPBW_pe1uj856_store_data_299,2026-01-07T12:01:41.000Z,2026-01-07T02:26:14.550Z,null,0.0,Succeeded,Within Expected
EDLAP,SAPBW_pe11rj609_attribute_data_799,2026-01-07T12:01:41.000Z,2026-01-07T01:18:42.687Z,null,0.0,Succeeded,Within Expected
EDLAP,SAPBW_pe21zl025_channel_data_499,2026-01-07T12:01:41.000Z,2026-01-07T04:12:04.375Z,null,0.0,Succeeded,Within Expected
EDLAP,SAPBW_pe31jm661_account_data_899,2026-01-07T12:01:41.000Z,2026-01-07T01:07:17.567Z,null,0.0,Succeeded,Within Expected
EDLAP,SAPBW_pe1hx087_schedule_data_599,2026-01-07T12:01:41.000Z,2026-01-06T19:42:00.152Z,null,0.0,Succeeded,Within Expected
EDLAP,SAPBW_pe21lf444_transaction_data_899,2026-01-07T12:01:41.000Z,2026-01-06T23:21:14.672Z,null,0.0,Succeeded,Within Expected
EDLAP,SAPBW_pe21bb703_product_data_399,2026-01-07T12:01:41.000Z,2026-01-07T00:21:13.107Z,null,0.0,Succeeded,Within Expected
EDLAP,SAPBW_pe11no344_employee_data_399,2026-01-07T12:01:41.000Z,2026-01-07T07:59:49.365Z,null,0.0,Succeeded,Within Expected
EDLAP,SAPBW_pe11ql061_metric_data_799,2026-01-07T12:01:41.000Z,2026-01-07T00:12:33.655Z,null,0.0,Succeeded,Within Expected
EDLAP,SAPBW_pe31af277_metric_data_299,2026-01-07T12:01:41.000Z,2026-01-06T22:37:15.626Z,null,0.0,Succeeded,Within Expected
EDLAP,SAPBW_pe11jf164_hierarchy_data_699,2026-01-07T12:01:41.000Z,2026-01-06T22:29:07.150Z,null,0.0,Succeeded,Within Expected
EDLAP,SAPBW_pe31pp386_attribute_data_599,2026-01-07T12:01:41.000Z,2026-01-07T03:27:24.105Z,null,0.0,Succeeded,Within Expected
EDLAP,SAPBW_pe1ri213_order_data_799,2026-01-07T12:01:41.000Z,2026-01-06T19:47:45.095Z,null,0.0,Succeeded,Within Expected
EDLAP,SAPBW_pe31po445_hierarchy_data_399,2026-01-07T12:01:41.000Z,2026-01-06T21:10:59.287Z,null,0.0,Succeeded,Within Expected
EDLAP,SAPBW_pe11md340_schedule_data_199,2026-01-07T12:01:41.000Z,2026-01-06T20:01:21.759Z,null,0.0,Succeeded,Within Expected
EDLAP,SAPBW_pe31dv954_attribute_data_899,2026-01-07T12:01:41.000Z,2026-01-06T21:18:12.533Z,null,0.0,Succeeded,Within Expected
EDLAP,SAPBW_pe31sl157_customer_data_599,2026-01-07T12:01:41.000Z,2026-01-07T03:49:35.931Z,null,0.0,Succeeded,Within Expected
EDLAP,SAPBW_pe1hn147_category_data_299,2026-01-07T12:01:41.000Z,2026-01-07T04:18:27.422Z,null,0.0,Succeeded,Within Expected
EDLAP,SAPBW_pe1go957_balance_data_899,2026-01-07T12:01:41.000Z,2026-01-07T05:22:07.069Z,null,0.0,Succeeded,Within Expected
EDLAP,SAPBW_pe11zc872_region_data_899,2025-12-28T10:01:32.000Z,2025-12-17T15:00:33.488Z,null,0.0,Succeeded,Within Expected
EDLAP,SAPBW_pe21jv497_customer_data_499,2025-12-29T10:01:39.000Z,2025-12-18T12:37:19.347Z,null,0.0,Succeeded,Within Expected
EDLAP,SAPBW_pe21wp467_vendor_data_199,2026-01-07T12:01:41.000Z,2026-01-07T02:07:27.261Z,null,0.0,Succeeded,Within Expected
EDLAP,SAPBW_pe21np192_metric_data_599,2026-01-07T12:01:41.000Z,2026-01-07T02:10:51.810Z,null,0.0,Succeeded,Within Expected
EDLAP,SAPBW_pe1dt402_hierarchy_data_399,2026-01-07T12:01:41.000Z,2026-01-07T02:08:33.863Z,null,0.0,Succeeded,Within Expected
EDLAP,SAPBW_pe11gs876_category_data_399,2026-01-07T12:01:41.000Z,2026-01-07T04:21:06.808Z,null,0.0,Succeeded,Within Expected
EDLAP,SAPBW_pe21qj077_employee_data_599,2026-01-07T12:01:41.000Z,2026-01-07T01:18:38.852Z,null,0.0,Succeeded,Within Expected
EDLAP,SAPBW_pe21lm588_store_data_899,2026-01-07T12:01:41.000Z,2026-01-07T01:26:50.874Z,null,0.0,Succeeded,Within Expected
EDLAP,SAPBW_pe21wu398_category_data_599,2026-01-07T12:01:41.000Z,2026-01-07T04:21:33.770Z,null,0.0,Succeeded,Within Expected
EDLAP,SAPBW_pe21vi554_forecast_data_199,2026-01-07T12:01:41.000Z,2026-01-06T20:34:45.805Z,null,0.0,Succeeded,Within Expected
EDLAP,SAPBW_pe1cu418_location_data_899,2026-01-07T12:01:41.000Z,2026-01-06T19:42:07.206Z,null,0.0,Succeeded,Within Expected
EDLAP,SAPBW_pe1zl998_pricing_data_399,2026-01-07T12:01:41.000Z,2026-01-06T21:23:07.766Z,null,0.0,Succeeded,Within Expected
EDLAP,SAPBW_pe21cj066_region_data_799,2026-01-07T12:01:41.000Z,2026-01-06T21:23:13.126Z,null,0.0,Succeeded,Within Expected
EDLAP,SAPBW_pe21st400_vendor_data_899,2026-01-07T12:01:41.000Z,2026-01-06T20:05:06.528Z,null,0.0,Succeeded,Within Expected
EDLAP,SAPBW_pe1df606_product_data_799,2026-01-07T12:01:41.000Z,2026-01-02T14:06:37.485Z,null,0.0,Succeeded,Within Expected
EDLAP,SAPBW_pe11mf081_schedule_data_599,2026-01-07T12:01:41.000Z,2026-01-07T11:33:08.581Z,null,0.0,Succeeded,Within Expected
EDLAP,SAPBW_pe11jv866_store_data_199,2026-01-07T12:01:41.000Z,2026-01-07T04:17:40.119Z,null,0.0,Succeeded,Within Expected
EDLAP,SAPBW_pe11ls614_attribute_data_899,2026-01-07T12:01:41.000Z,2026-01-07T04:46:28.415Z,null,0.0,Succeeded,Within Expected
EDLAP,SAPBW_pe11cc753_contract_data_699,2026-01-07T12:01:41.000Z,2026-01-07T04:18:59.280Z,null,0.0,Succeeded,Within Expected
EDLAP,SAPBW_pe11gq267_pricing_data_199,2026-01-07T12:01:41.000Z,2026-01-06T23:43:27.420Z,null,0.0,Succeeded,Within Expected
EDLAP,SAPBW_pe21fp136_customer_data_899,2026-01-07T12:01:41.000Z,2026-01-07T08:30:15.317Z,null,0.0,Succeeded,Within Expected
EDLAP,SAPBW_pe31cm559_schedule_data_699,2026-01-07T12:01:41.000Z,2026-01-07T02:18:46.832Z,null,0.0,Succeeded,Within Expected
EDLAP,SAPBW_pe11kv451_category_data_299,2026-01-07T12:01:41.000Z,2026-01-07T01:56:00.751Z,null,0.0,Succeeded,Within Expected
EDLAP,SAPBW_pe1pa299_employee_data_599,2026-01-07T12:01:41.000Z,2026-01-07T01:32:41.265Z,null,0.0,Succeeded,Within Expected
EDLAP,SAPBW_pe31lk651_store_data_599,2026-01-07T12:01:41.000Z,2026-01-07T00:51:34.863Z,null,0.0,Succeeded,Within Expected
EDLAP,SAPBW_pe1nf853_hierarchy_data_299,2026-01-07T12:01:41.000Z,2026-01-07T02:26:05.834Z,null,0.0,Succeeded,Within Expected
